{
  "frames": {
    "back-button-disabled-skin0000": {
      "frame": {
        "h": 40, 
        "w": 28, 
        "x": 816, 
        "y": 54
      }, 
      "rotated": false, 
      "sourceSize": {
        "h": 40, 
        "w": 28
      }, 
      "spriteSourceSize": {
        "h": 40, 
        "w": 28, 
        "x": 0, 
        "y": 0
      }, 
      "trimmed": false
    }, 
    "back-button-down-skin0000": {
      "frame": {
        "h": 40, 
        "w": 28, 
        "x": 1, 
        "y": 66
      }, 
      "rotated": false, 
      "sourceSize": {
        "h": 40, 
        "w": 28
      }, 
      "spriteSourceSize": {
        "h": 40, 
        "w": 28, 
        "x": 0, 
        "y": 0
      }, 
      "trimmed": false
    }, 
    "back-button-up-skin0000": {
      "frame": {
        "h": 40, 
        "w": 28, 
        "x": 787, 
        "y": 54
      }, 
      "rotated": false, 
      "sourceSize": {
        "h": 40, 
        "w": 28
      }, 
      "spriteSourceSize": {
        "h": 40, 
        "w": 28, 
        "x": 0, 
        "y": 0
      }, 
      "trimmed": false
    }, 
    "button-disabled-skin0000": {
      "frame": {
        "h": 12, 
        "w": 12, 
        "x": 1008, 
        "y": 14
      }, 
      "rotated": false, 
      "sourceSize": {
        "h": 12, 
        "w": 12
      }, 
      "spriteSourceSize": {
        "h": 12, 
        "w": 12, 
        "x": 0, 
        "y": 0
      }, 
      "trimmed": false
    }, 
    "button-down-skin0000": {
      "frame": {
        "h": 12, 
        "w": 12, 
        "x": 1008, 
        "y": 1
      }, 
      "rotated": false, 
      "sourceSize": {
        "h": 12, 
        "w": 12
      }, 
      "spriteSourceSize": {
        "h": 12, 
        "w": 12, 
        "x": 0, 
        "y": 0
      }, 
      "trimmed": false
    }, 
    "button-up-skin0000": {
      "frame": {
        "h": 12, 
        "w": 12, 
        "x": 754, 
        "y": 72
      }, 
      "rotated": false, 
      "sourceSize": {
        "h": 12, 
        "w": 12
      }, 
      "spriteSourceSize": {
        "h": 12, 
        "w": 12, 
        "x": 0, 
        "y": 0
      }, 
      "trimmed": false
    }, 
    "call-to-action-button-up-skin0000": {
      "frame": {
        "h": 12, 
        "w": 12, 
        "x": 767, 
        "y": 72
      }, 
      "rotated": false, 
      "sourceSize": {
        "h": 12, 
        "w": 12
      }, 
      "spriteSourceSize": {
        "h": 12, 
        "w": 12, 
        "x": 0, 
        "y": 0
      }, 
      "trimmed": false
    }, 
    "callout-bottom-arrow-skin0000": {
      "frame": {
        "h": 32, 
        "w": 52, 
        "x": 853, 
        "y": 1
      }, 
      "rotated": false, 
      "sourceSize": {
        "h": 32, 
        "w": 52
      }, 
      "spriteSourceSize": {
        "h": 32, 
        "w": 52, 
        "x": 0, 
        "y": 0
      }, 
      "trimmed": false
    }, 
    "callout-left-arrow-skin0000": {
      "frame": {
        "h": 44, 
        "w": 26, 
        "x": 970, 
        "y": 51
      }, 
      "rotated": false, 
      "sourceSize": {
        "h": 44, 
        "w": 26
      }, 
      "spriteSourceSize": {
        "h": 44, 
        "w": 26, 
        "x": 0, 
        "y": 0
      }, 
      "trimmed": false
    }, 
    "callout-right-arrow-skin0000": {
      "frame": {
        "h": 52, 
        "w": 32, 
        "x": 820, 
        "y": 1
      }, 
      "rotated": false, 
      "sourceSize": {
        "h": 52, 
        "w": 32
      }, 
      "spriteSourceSize": {
        "h": 52, 
        "w": 32, 
        "x": 0, 
        "y": 0
      }, 
      "trimmed": false
    }, 
    "callout-top-arrow-skin0000": {
      "frame": {
        "h": 26, 
        "w": 44, 
        "x": 853, 
        "y": 34
      }, 
      "rotated": false, 
      "sourceSize": {
        "h": 26, 
        "w": 44
      }, 
      "spriteSourceSize": {
        "h": 26, 
        "w": 44, 
        "x": 0, 
        "y": 0
      }, 
      "trimmed": false
    }, 
    "check-disabled-icon0000": {
      "frame": {
        "h": 24, 
        "w": 24, 
        "x": 997, 
        "y": 51
      }, 
      "rotated": false, 
      "sourceSize": {
        "h": 24, 
        "w": 24
      }, 
      "spriteSourceSize": {
        "h": 24, 
        "w": 24, 
        "x": 0, 
        "y": 0
      }, 
      "trimmed": false
    }, 
    "check-selected-disabled-icon0000": {
      "frame": {
        "h": 24, 
        "w": 24, 
        "x": 30, 
        "y": 66
      }, 
      "rotated": false, 
      "sourceSize": {
        "h": 24, 
        "w": 24
      }, 
      "spriteSourceSize": {
        "h": 24, 
        "w": 24, 
        "x": 0, 
        "y": 0
      }, 
      "trimmed": false
    }, 
    "check-selected-up-icon0000": {
      "frame": {
        "h": 24, 
        "w": 24, 
        "x": 55, 
        "y": 66
      }, 
      "rotated": false, 
      "sourceSize": {
        "h": 24, 
        "w": 24
      }, 
      "spriteSourceSize": {
        "h": 24, 
        "w": 24, 
        "x": 0, 
        "y": 0
      }, 
      "trimmed": false
    }, 
    "check-up-icon0000": {
      "frame": {
        "h": 24, 
        "w": 24, 
        "x": 80, 
        "y": 66
      }, 
      "rotated": false, 
      "sourceSize": {
        "h": 24, 
        "w": 24
      }, 
      "spriteSourceSize": {
        "h": 24, 
        "w": 24, 
        "x": 0, 
        "y": 0
      }, 
      "trimmed": false
    }, 
    "danger-button-down-skin0000": {
      "frame": {
        "h": 12, 
        "w": 12, 
        "x": 1008, 
        "y": 27
      }, 
      "rotated": false, 
      "sourceSize": {
        "h": 12, 
        "w": 12
      }, 
      "spriteSourceSize": {
        "h": 12, 
        "w": 12, 
        "x": 0, 
        "y": 0
      }, 
      "trimmed": false
    }, 
    "danger-button-up-skin0000": {
      "frame": {
        "h": 12, 
        "w": 12, 
        "x": 943, 
        "y": 34
      }, 
      "rotated": false, 
      "sourceSize": {
        "h": 12, 
        "w": 12
      }, 
      "spriteSourceSize": {
        "h": 12, 
        "w": 12, 
        "x": 0, 
        "y": 0
      }, 
      "trimmed": false
    }, 
    "danger-callout-bottom-arrow-skin0000": {
      "frame": {
        "h": 32, 
        "w": 52, 
        "x": 906, 
        "y": 1
      }, 
      "rotated": false, 
      "sourceSize": {
        "h": 32, 
        "w": 52
      }, 
      "spriteSourceSize": {
        "h": 32, 
        "w": 52, 
        "x": 0, 
        "y": 0
      }, 
      "trimmed": false
    }, 
    "danger-callout-left-arrow-skin0000": {
      "frame": {
        "h": 44, 
        "w": 26, 
        "x": 943, 
        "y": 51
      }, 
      "rotated": false, 
      "sourceSize": {
        "h": 44, 
        "w": 26
      }, 
      "spriteSourceSize": {
        "h": 44, 
        "w": 26, 
        "x": 0, 
        "y": 0
      }, 
      "trimmed": false
    }, 
    "danger-callout-right-arrow-skin0000": {
      "frame": {
        "h": 52, 
        "w": 32, 
        "x": 787, 
        "y": 1
      }, 
      "rotated": false, 
      "sourceSize": {
        "h": 52, 
        "w": 32
      }, 
      "spriteSourceSize": {
        "h": 52, 
        "w": 32, 
        "x": 0, 
        "y": 0
      }, 
      "trimmed": false
    }, 
    "danger-callout-top-arrow-skin0000": {
      "frame": {
        "h": 26, 
        "w": 44, 
        "x": 898, 
        "y": 34
      }, 
      "rotated": false, 
      "sourceSize": {
        "h": 26, 
        "w": 44
      }, 
      "spriteSourceSize": {
        "h": 26, 
        "w": 44, 
        "x": 0, 
        "y": 0
      }, 
      "trimmed": false
    }, 
    "danger-pop-up-background-skin0000": {
      "frame": {
        "h": 22, 
        "w": 22, 
        "x": 255, 
        "y": 66
      }, 
      "rotated": false, 
      "sourceSize": {
        "h": 22, 
        "w": 22
      }, 
      "spriteSourceSize": {
        "h": 22, 
        "w": 22, 
        "x": 0, 
        "y": 0
      }, 
      "trimmed": false
    }, 
    "face-disabled-skin0000": {
      "frame": {
        "h": 12, 
        "w": 12, 
        "x": 1010, 
        "y": 76
      }, 
      "rotated": false, 
      "sourceSize": {
        "h": 12, 
        "w": 12
      }, 
      "spriteSourceSize": {
        "h": 12, 
        "w": 12, 
        "x": 0, 
        "y": 0
      }, 
      "trimmed": false
    }, 
    "face-up-skin0000": {
      "frame": {
        "h": 12, 
        "w": 12, 
        "x": 465, 
        "y": 81
      }, 
      "rotated": false, 
      "sourceSize": {
        "h": 12, 
        "w": 12
      }, 
      "spriteSourceSize": {
        "h": 12, 
        "w": 12, 
        "x": 0, 
        "y": 0
      }, 
      "trimmed": false
    }, 
    "focus-indicator-skin0000": {
      "frame": {
        "h": 12, 
        "w": 12, 
        "x": 478, 
        "y": 81
      }, 
      "rotated": false, 
      "sourceSize": {
        "h": 12, 
        "w": 12
      }, 
      "spriteSourceSize": {
        "h": 12, 
        "w": 12, 
        "x": 0, 
        "y": 0
      }, 
      "trimmed": false
    }, 
    "forward-button-disabled-skin0000": {
      "frame": {
        "h": 40, 
        "w": 28, 
        "x": 845, 
        "y": 61
      }, 
      "rotated": false, 
      "sourceSize": {
        "h": 40, 
        "w": 28
      }, 
      "spriteSourceSize": {
        "h": 40, 
        "w": 28, 
        "x": 0, 
        "y": 0
      }, 
      "trimmed": false
    }, 
    "forward-button-down-skin0000": {
      "frame": {
        "h": 40, 
        "w": 28, 
        "x": 874, 
        "y": 61
      }, 
      "rotated": false, 
      "sourceSize": {
        "h": 40, 
        "w": 28
      }, 
      "spriteSourceSize": {
        "h": 40, 
        "w": 28, 
        "x": 0, 
        "y": 0
      }, 
      "trimmed": false
    }, 
    "forward-button-up-skin0000": {
      "frame": {
        "h": 40, 
        "w": 28, 
        "x": 903, 
        "y": 61
      }, 
      "rotated": false, 
      "sourceSize": {
        "h": 40, 
        "w": 28
      }, 
      "spriteSourceSize": {
        "h": 40, 
        "w": 28, 
        "x": 0, 
        "y": 0
      }, 
      "trimmed": false
    }, 
    "full-screen-toggle-button-enter-up-icon0000": {
      "frame": {
        "h": 24, 
        "w": 24, 
        "x": 105, 
        "y": 66
      }, 
      "rotated": false, 
      "sourceSize": {
        "h": 24, 
        "w": 24
      }, 
      "spriteSourceSize": {
        "h": 24, 
        "w": 24, 
        "x": 0, 
        "y": 0
      }, 
      "trimmed": false
    }, 
    "full-screen-toggle-button-exit-up-icon0000": {
      "frame": {
        "h": 24, 
        "w": 24, 
        "x": 130, 
        "y": 66
      }, 
      "rotated": false, 
      "sourceSize": {
        "h": 24, 
        "w": 24
      }, 
      "spriteSourceSize": {
        "h": 24, 
        "w": 24, 
        "x": 0, 
        "y": 0
      }, 
      "trimmed": false
    }, 
    "header-background-skin0000": {
      "frame": {
        "h": 10, 
        "w": 12, 
        "x": 1008, 
        "y": 40
      }, 
      "rotated": false, 
      "sourceSize": {
        "h": 10, 
        "w": 12
      }, 
      "spriteSourceSize": {
        "h": 10, 
        "w": 12, 
        "x": 0, 
        "y": 0
      }, 
      "trimmed": false
    }, 
    "header-renderer-skin0000": {
      "frame": {
        "h": 6, 
        "w": 6, 
        "x": 845, 
        "y": 54
      }, 
      "rotated": false, 
      "sourceSize": {
        "h": 6, 
        "w": 6
      }, 
      "spriteSourceSize": {
        "h": 6, 
        "w": 6, 
        "x": 0, 
        "y": 0
      }, 
      "trimmed": false
    }, 
    "horizontal-scroll-bar-decrement-button-icon0000": {
      "frame": {
        "h": 11, 
        "w": 6, 
        "x": 504, 
        "y": 77
      }, 
      "rotated": false, 
      "sourceSize": {
        "h": 11, 
        "w": 6
      }, 
      "spriteSourceSize": {
        "h": 11, 
        "w": 6, 
        "x": 0, 
        "y": 0
      }, 
      "trimmed": false
    }, 
    "horizontal-scroll-bar-increment-button-icon0000": {
      "frame": {
        "h": 10, 
        "w": 6, 
        "x": 457, 
        "y": 83
      }, 
      "rotated": false, 
      "sourceSize": {
        "h": 10, 
        "w": 6
      }, 
      "spriteSourceSize": {
        "h": 10, 
        "w": 6, 
        "x": 0, 
        "y": 0
      }, 
      "trimmed": false
    }, 
    "inset-background-danger-skin0000": {
      "frame": {
        "h": 12, 
        "w": 12, 
        "x": 997, 
        "y": 76
      }, 
      "rotated": false, 
      "sourceSize": {
        "h": 12, 
        "w": 12
      }, 
      "spriteSourceSize": {
        "h": 12, 
        "w": 12, 
        "x": 0, 
        "y": 0
      }, 
      "trimmed": false
    }, 
    "inset-background-disabled-skin0000": {
      "frame": {
        "h": 12, 
        "w": 12, 
        "x": 491, 
        "y": 81
      }, 
      "rotated": false, 
      "sourceSize": {
        "h": 12, 
        "w": 12
      }, 
      "spriteSourceSize": {
        "h": 12, 
        "w": 12, 
        "x": 0, 
        "y": 0
      }, 
      "trimmed": false
    }, 
    "inset-background-enabled-skin0000": {
      "frame": {
        "h": 12, 
        "w": 12, 
        "x": 1008, 
        "y": 1
      }, 
      "rotated": false, 
      "sourceSize": {
        "h": 12, 
        "w": 12
      }, 
      "spriteSourceSize": {
        "h": 12, 
        "w": 12, 
        "x": 0, 
        "y": 0
      }, 
      "trimmed": false
    }, 
    "inset-background-focused-skin0000": {
      "frame": {
        "h": 12, 
        "w": 12, 
        "x": 431, 
        "y": 83
      }, 
      "rotated": false, 
      "sourceSize": {
        "h": 12, 
        "w": 12
      }, 
      "spriteSourceSize": {
        "h": 12, 
        "w": 12, 
        "x": 0, 
        "y": 0
      }, 
      "trimmed": false
    }, 
    "item-renderer-hover-skin0000": {
      "frame": {
        "h": 6, 
        "w": 6, 
        "x": 727, 
        "y": 87
      }, 
      "rotated": false, 
      "sourceSize": {
        "h": 6, 
        "w": 6
      }, 
      "spriteSourceSize": {
        "h": 6, 
        "w": 6, 
        "x": 0, 
        "y": 0
      }, 
      "trimmed": false
    }, 
    "item-renderer-selected-skin0000": {
      "frame": {
        "h": 6, 
        "w": 6, 
        "x": 734, 
        "y": 87
      }, 
      "rotated": false, 
      "sourceSize": {
        "h": 6, 
        "w": 6
      }, 
      "spriteSourceSize": {
        "h": 6, 
        "w": 6, 
        "x": 0, 
        "y": 0
      }, 
      "trimmed": false
    }, 
    "item-renderer-up-skin0000": {
      "frame": {
        "h": 6, 
        "w": 6, 
        "x": 741, 
        "y": 87
      }, 
      "rotated": false, 
      "sourceSize": {
        "h": 6, 
        "w": 6
      }, 
      "spriteSourceSize": {
        "h": 6, 
        "w": 6, 
        "x": 0, 
        "y": 0
      }, 
      "trimmed": false
    }, 
    "list-accessory-drill-down-icon0000": {
      "frame": {
        "h": 10, 
        "w": 6, 
        "x": 767, 
        "y": 85
      }, 
      "rotated": false, 
      "sourceSize": {
        "h": 10, 
        "w": 6
      }, 
      "spriteSourceSize": {
        "h": 10, 
        "w": 6, 
        "x": 0, 
        "y": 0
      }, 
      "trimmed": false
    }, 
    "list-background-skin0000": {
      "frame": {
        "h": 12, 
        "w": 12, 
        "x": 444, 
        "y": 83
      }, 
      "rotated": false, 
      "sourceSize": {
        "h": 12, 
        "w": 12
      }, 
      "spriteSourceSize": {
        "h": 12, 
        "w": 12, 
        "x": 0, 
        "y": 0
      }, 
      "trimmed": false
    }, 
    "list-inset-background-skin0000": {
      "frame": {
        "h": 12, 
        "w": 12, 
        "x": 393, 
        "y": 85
      }, 
      "rotated": false, 
      "sourceSize": {
        "h": 12, 
        "w": 12
      }, 
      "spriteSourceSize": {
        "h": 12, 
        "w": 12, 
        "x": 0, 
        "y": 0
      }, 
      "trimmed": false
    }, 
    "mute-toggle-button-loud-up-icon0000": {
      "frame": {
        "h": 24, 
        "w": 24, 
        "x": 155, 
        "y": 66
      }, 
      "rotated": false, 
      "sourceSize": {
        "h": 24, 
        "w": 24
      }, 
      "spriteSourceSize": {
        "h": 24, 
        "w": 24, 
        "x": 0, 
        "y": 0
      }, 
      "trimmed": false
    }, 
    "mute-toggle-button-muted-up-icon0000": {
      "frame": {
        "h": 24, 
        "w": 24, 
        "x": 180, 
        "y": 66
      }, 
      "rotated": false, 
      "sourceSize": {
        "h": 24, 
        "w": 24
      }, 
      "spriteSourceSize": {
        "h": 24, 
        "w": 24, 
        "x": 0, 
        "y": 0
      }, 
      "trimmed": false
    }, 
    "overlay-play-pause-toggle-button-play-down-icon0000": {
      "frame": {
        "h": 120, 
        "w": 100, 
        "x": 514, 
        "y": 1
      }, 
      "rotated": false, 
      "sourceSize": {
        "h": 120, 
        "w": 100
      }, 
      "spriteSourceSize": {
        "h": 120, 
        "w": 100, 
        "x": 0, 
        "y": 0
      }, 
      "trimmed": false
    }, 
    "overlay-play-pause-toggle-button-play-up-icon0000": {
      "frame": {
        "h": 120, 
        "w": 100, 
        "x": 615, 
        "y": 1
      }, 
      "rotated": false, 
      "sourceSize": {
        "h": 120, 
        "w": 100
      }, 
      "spriteSourceSize": {
        "h": 120, 
        "w": 100, 
        "x": 0, 
        "y": 0
      }, 
      "trimmed": false
    }, 
    "page-indicator-selected-symbol0000": {
      "frame": {
        "h": 16, 
        "w": 16, 
        "x": 431, 
        "y": 66
      }, 
      "rotated": false, 
      "sourceSize": {
        "h": 16, 
        "w": 16
      }, 
      "spriteSourceSize": {
        "h": 16, 
        "w": 16, 
        "x": 0, 
        "y": 0
      }, 
      "trimmed": false
    }, 
    "page-indicator-symbol0000": {
      "frame": {
        "h": 16, 
        "w": 16, 
        "x": 448, 
        "y": 66
      }, 
      "rotated": false, 
      "sourceSize": {
        "h": 16, 
        "w": 16
      }, 
      "spriteSourceSize": {
        "h": 16, 
        "w": 16, 
        "x": 0, 
        "y": 0
      }, 
      "trimmed": false
    }, 
    "panel-background-skin0000": {
      "frame": {
        "h": 12, 
        "w": 12, 
        "x": 406, 
        "y": 85
      }, 
      "rotated": false, 
      "sourceSize": {
        "h": 12, 
        "w": 12
      }, 
      "spriteSourceSize": {
        "h": 12, 
        "w": 12, 
        "x": 0, 
        "y": 0
      }, 
      "trimmed": false
    }, 
    "panel-header-background-skin0000": {
      "frame": {
        "h": 10, 
        "w": 12, 
        "x": 754, 
        "y": 85
      }, 
      "rotated": false, 
      "sourceSize": {
        "h": 10, 
        "w": 12
      }, 
      "spriteSourceSize": {
        "h": 10, 
        "w": 12, 
        "x": 0, 
        "y": 0
      }, 
      "trimmed": false
    }, 
    "pf-ronda-seven-font": {
      "frame": {
        "h": 64, 
        "w": 512, 
        "x": 1, 
        "y": 1
      }, 
      "rotated": false, 
      "sourceSize": {
        "h": 64, 
        "w": 512
      }, 
      "spriteSourceSize": {
        "h": 64, 
        "w": 512, 
        "x": 0, 
        "y": 0
      }, 
      "trimmed": false
    }, 
    "picker-list-disabled-icon0000": {
      "frame": {
        "h": 10, 
        "w": 10, 
        "x": 932, 
        "y": 61
      }, 
      "rotated": false, 
      "sourceSize": {
        "h": 10, 
        "w": 10
      }, 
      "spriteSourceSize": {
        "h": 10, 
        "w": 10, 
        "x": 0, 
        "y": 0
      }, 
      "trimmed": false
    }, 
    "picker-list-icon0000": {
      "frame": {
        "h": 10, 
        "w": 10, 
        "x": 503, 
        "y": 66
      }, 
      "rotated": false, 
      "sourceSize": {
        "h": 10, 
        "w": 10
      }, 
      "spriteSourceSize": {
        "h": 10, 
        "w": 10, 
        "x": 0, 
        "y": 0
      }, 
      "trimmed": false
    }, 
    "picker-list-selected-icon0000": {
      "frame": {
        "h": 10, 
        "w": 10, 
        "x": 932, 
        "y": 72
      }, 
      "rotated": false, 
      "sourceSize": {
        "h": 10, 
        "w": 10
      }, 
      "spriteSourceSize": {
        "h": 10, 
        "w": 10, 
        "x": 0, 
        "y": 0
      }, 
      "trimmed": false
    }, 
    "play-pause-toggle-button-pause-up-icon0000": {
      "frame": {
        "h": 24, 
        "w": 24, 
        "x": 205, 
        "y": 66
      }, 
      "rotated": false, 
      "sourceSize": {
        "h": 24, 
        "w": 24
      }, 
      "spriteSourceSize": {
        "h": 24, 
        "w": 24, 
        "x": 0, 
        "y": 0
      }, 
      "trimmed": false
    }, 
    "play-pause-toggle-button-play-up-icon0000": {
      "frame": {
        "h": 24, 
        "w": 24, 
        "x": 230, 
        "y": 66
      }, 
      "rotated": false, 
      "sourceSize": {
        "h": 24, 
        "w": 24
      }, 
      "spriteSourceSize": {
        "h": 24, 
        "w": 24, 
        "x": 0, 
        "y": 0
      }, 
      "trimmed": false
    }, 
    "pop-up-background-skin0000": {
      "frame": {
        "h": 22, 
        "w": 22, 
        "x": 278, 
        "y": 66
      }, 
      "rotated": false, 
      "sourceSize": {
        "h": 22, 
        "w": 22
      }, 
      "spriteSourceSize": {
        "h": 22, 
        "w": 22, 
        "x": 0, 
        "y": 0
      }, 
      "trimmed": false
    }, 
    "pop-up-volume-slider-track-skin0000": {
      "frame": {
        "h": 70, 
        "w": 70, 
        "x": 716, 
        "y": 1
      }, 
      "rotated": false, 
      "sourceSize": {
        "h": 70, 
        "w": 70
      }, 
      "spriteSourceSize": {
        "h": 70, 
        "w": 70, 
        "x": 0, 
        "y": 0
      }, 
      "trimmed": false
    }, 
    "radio-disabled-icon0000": {
      "frame": {
        "h": 22, 
        "w": 22, 
        "x": 301, 
        "y": 66
      }, 
      "rotated": false, 
      "sourceSize": {
        "h": 22, 
        "w": 22
      }, 
      "spriteSourceSize": {
        "h": 22, 
        "w": 22, 
        "x": 0, 
        "y": 0
      }, 
      "trimmed": false
    }, 
    "radio-selected-disabled-icon0000": {
      "frame": {
        "h": 22, 
        "w": 22, 
        "x": 324, 
        "y": 66
      }, 
      "rotated": false, 
      "sourceSize": {
        "h": 22, 
        "w": 22
      }, 
      "spriteSourceSize": {
        "h": 22, 
        "w": 22, 
        "x": 0, 
        "y": 0
      }, 
      "trimmed": false
    }, 
    "radio-selected-up-icon0000": {
      "frame": {
        "h": 22, 
        "w": 22, 
        "x": 347, 
        "y": 66
      }, 
      "rotated": false, 
      "sourceSize": {
        "h": 22, 
        "w": 22
      }, 
      "spriteSourceSize": {
        "h": 22, 
        "w": 22, 
        "x": 0, 
        "y": 0
      }, 
      "trimmed": false
    }, 
    "radio-up-icon0000": {
      "frame": {
        "h": 22, 
        "w": 22, 
        "x": 370, 
        "y": 66
      }, 
      "rotated": false, 
      "sourceSize": {
        "h": 22, 
        "w": 22
      }, 
      "spriteSourceSize": {
        "h": 22, 
        "w": 22, 
        "x": 0, 
        "y": 0
      }, 
      "trimmed": false
    }, 
    "search-disabled-icon0000": {
      "frame": {
        "h": 18, 
        "w": 18, 
        "x": 393, 
        "y": 66
      }, 
      "rotated": false, 
      "sourceSize": {
        "h": 18, 
        "w": 18
      }, 
      "spriteSourceSize": {
        "h": 18, 
        "w": 18, 
        "x": 0, 
        "y": 0
      }, 
      "trimmed": false
    }, 
    "search-enabled-icon0000": {
      "frame": {
        "h": 18, 
        "w": 18, 
        "x": 412, 
        "y": 66
      }, 
      "rotated": false, 
      "sourceSize": {
        "h": 18, 
        "w": 18
      }, 
      "spriteSourceSize": {
        "h": 18, 
        "w": 18, 
        "x": 0, 
        "y": 0
      }, 
      "trimmed": false
    }, 
    "seek-slider-progress-skin0000": {
      "frame": {
        "h": 24, 
        "w": 4, 
        "x": 780, 
        "y": 72
      }, 
      "rotated": false, 
      "sourceSize": {
        "h": 24, 
        "w": 4
      }, 
      "spriteSourceSize": {
        "h": 24, 
        "w": 4, 
        "x": 0, 
        "y": 0
      }, 
      "trimmed": false
    }, 
    "simple-scroll-bar-thumb-skin0000": {
      "frame": {
        "h": 8, 
        "w": 8, 
        "x": 932, 
        "y": 83
      }, 
      "rotated": false, 
      "sourceSize": {
        "h": 8, 
        "w": 8
      }, 
      "spriteSourceSize": {
        "h": 8, 
        "w": 8, 
        "x": 0, 
        "y": 0
      }, 
      "trimmed": false
    }, 
    "tab-disabled-skin0000": {
      "frame": {
        "h": 14, 
        "w": 18, 
        "x": 465, 
        "y": 66
      }, 
      "rotated": false, 
      "sourceSize": {
        "h": 14, 
        "w": 18
      }, 
      "spriteSourceSize": {
        "h": 14, 
        "w": 18, 
        "x": 0, 
        "y": 0
      }, 
      "trimmed": false
    }, 
    "tab-selected-disabled-skin0000": {
      "frame": {
        "h": 14, 
        "w": 18, 
        "x": 484, 
        "y": 66
      }, 
      "rotated": false, 
      "sourceSize": {
        "h": 14, 
        "w": 18
      }, 
      "spriteSourceSize": {
        "h": 14, 
        "w": 18, 
        "x": 0, 
        "y": 0
      }, 
      "trimmed": false
    }, 
    "tab-selected-up-skin0000": {
      "frame": {
        "h": 14, 
        "w": 18, 
        "x": 716, 
        "y": 72
      }, 
      "rotated": false, 
      "sourceSize": {
        "h": 14, 
        "w": 18
      }, 
      "spriteSourceSize": {
        "h": 14, 
        "w": 18, 
        "x": 0, 
        "y": 0
      }, 
      "trimmed": false
    }, 
    "tab-up-skin0000": {
      "frame": {
        "h": 14, 
        "w": 18, 
        "x": 735, 
        "y": 72
      }, 
      "rotated": false, 
      "sourceSize": {
        "h": 14, 
        "w": 18
      }, 
      "spriteSourceSize": {
        "h": 14, 
        "w": 18, 
        "x": 0, 
        "y": 0
      }, 
      "trimmed": false
    }, 
    "vertical-scroll-bar-decrement-button-icon0000": {
      "frame": {
        "h": 6, 
        "w": 10, 
        "x": 716, 
        "y": 87
      }, 
      "rotated": false, 
      "sourceSize": {
        "h": 6, 
        "w": 10
      }, 
      "spriteSourceSize": {
        "h": 6, 
        "w": 10, 
        "x": 0, 
        "y": 0
      }, 
      "trimmed": false
    }, 
    "vertical-scroll-bar-increment-button-icon0000": {
      "frame": {
        "h": 6, 
        "w": 10, 
        "x": 419, 
        "y": 85
      }, 
      "rotated": false, 
      "sourceSize": {
        "h": 6, 
        "w": 10
      }, 
      "spriteSourceSize": {
        "h": 6, 
        "w": 10, 
        "x": 0, 
        "y": 0
      }, 
      "trimmed": false
    }, 
    "volume-slider-maximum-track-skin0000": {
      "frame": {
        "h": 24, 
        "w": 48, 
        "x": 959, 
        "y": 1
      }, 
      "rotated": false, 
      "sourceSize": {
        "h": 24, 
        "w": 48
      }, 
      "spriteSourceSize": {
        "h": 24, 
        "w": 48, 
        "x": 0, 
        "y": 0
      }, 
      "trimmed": false
    }, 
    "volume-slider-minimum-track-skin0000": {
      "frame": {
        "h": 24, 
        "w": 48, 
        "x": 959, 
        "y": 26
      }, 
      "rotated": false, 
      "sourceSize": {
        "h": 24, 
        "w": 48
      }, 
      "spriteSourceSize": {
        "h": 24, 
        "w": 48, 
        "x": 0, 
        "y": 0
      }, 
      "trimmed": false
    }
  }, 
  "grids": {
    "BACK_BUTTON_SCALE_9_GRID": [
      "11", 
      "0", 
      "1", 
      "20"
    ], 
    "DEFAULT_SCALE_9_GRID": [
      "3", 
      "3", 
      "1", 
      "1"
    ], 
    "FORWARD_BUTTON_SCALE_9_GRID": [
      "1", 
      "0", 
      "1", 
      "20"
    ], 
    "HEADER_SCALE_9_GRID": [
      "0", 
      "2", 
      "3", 
      "1"
    ], 
    "SCROLLBAR_THUMB_SCALE_9_GRID": [
      "1", 
      "1", 
      "2", 
      "2"
    ], 
    "SEEK_SLIDER_PROGRESS_SKIN_SCALE9_GRID": [
      "0", 
      "2", 
      "2", 
      "10"
    ], 
    "SOLID_COLOR_TEXTURE_REGION": [
      "1", 
      "1", 
      "1", 
      "1"
    ], 
    "TAB_SCALE_9_GRID": [
      "4", 
      "4", 
      "1", 
      "1"
    ], 
    "VOLUME_SLIDER_TRACK_SCALE9_GRID": [
      "18", 
      "13", 
      "1", 
      "1"
    ]
  }, 
  "meta": {
    "image": "minimal_desktop.png", 
    "size": {
      "h": 1024, 
      "w": 1024
    }, 
    "version": "1.0"
  }
}