{
  "__type__": "cc.AnimationClip",
  "_name": "light-clip",
  "_objFlags": 0,
  "_native": "",
  "_duration": 0.125,
  "sample": 24,
  "speed": 1,
  "wrapMode": 2,
  "curveData": {
    "comps": {
      "cc.Sprite": {
        "spriteFrame": [
          {
            "frame": 0,
            "value": {
              "__uuid__": "3ef94007-cea4-4082-bdf9-1f144272e0e8"
            }
          },
          {
            "frame": 0.08333333333333333,
            "value": {
              "__uuid__": "071d642d-676b-4e27-97ea-b4dd5993946b"
            }
          }
        ]
      }
    }
  },
  "events": []
}