{
  "frames": {
    "back-button-disabled-skin0000": {
      "frame": {
        "h": 56, 
        "w": 40, 
        "x": 285, 
        "y": 34
      }, 
      "rotated": false, 
      "sourceSize": {
        "h": 56, 
        "w": 40
      }, 
      "spriteSourceSize": {
        "h": 56, 
        "w": 40, 
        "x": 0, 
        "y": 0
      }, 
      "trimmed": false
    }, 
    "back-button-down-skin0000": {
      "frame": {
        "h": 56, 
        "w": 40, 
        "x": 244, 
        "y": 34
      }, 
      "rotated": false, 
      "sourceSize": {
        "h": 56, 
        "w": 40
      }, 
      "spriteSourceSize": {
        "h": 56, 
        "w": 40, 
        "x": 0, 
        "y": 0
      }, 
      "trimmed": false
    }, 
    "back-button-up-skin0000": {
      "frame": {
        "h": 56, 
        "w": 40, 
        "x": 203, 
        "y": 34
      }, 
      "rotated": false, 
      "sourceSize": {
        "h": 56, 
        "w": 40
      }, 
      "spriteSourceSize": {
        "h": 56, 
        "w": 40, 
        "x": 0, 
        "y": 0
      }, 
      "trimmed": false
    }, 
    "button-disabled-skin0000": {
      "frame": {
        "h": 16, 
        "w": 16, 
        "x": 327, 
        "y": 165
      }, 
      "rotated": false, 
      "sourceSize": {
        "h": 16, 
        "w": 16
      }, 
      "spriteSourceSize": {
        "h": 16, 
        "w": 16, 
        "x": 0, 
        "y": 0
      }, 
      "trimmed": false
    }, 
    "button-down-skin0000": {
      "frame": {
        "h": 16, 
        "w": 16, 
        "x": 344, 
        "y": 182
      }, 
      "rotated": false, 
      "sourceSize": {
        "h": 16, 
        "w": 16
      }, 
      "spriteSourceSize": {
        "h": 16, 
        "w": 16, 
        "x": 0, 
        "y": 0
      }, 
      "trimmed": false
    }, 
    "button-up-skin0000": {
      "frame": {
        "h": 16, 
        "w": 16, 
        "x": 227, 
        "y": 173
      }, 
      "rotated": false, 
      "sourceSize": {
        "h": 16, 
        "w": 16
      }, 
      "spriteSourceSize": {
        "h": 16, 
        "w": 16, 
        "x": 0, 
        "y": 0
      }, 
      "trimmed": false
    }, 
    "call-to-action-button-up-skin0000": {
      "frame": {
        "h": 16, 
        "w": 16, 
        "x": 377, 
        "y": 136
      }, 
      "rotated": false, 
      "sourceSize": {
        "h": 16, 
        "w": 16
      }, 
      "spriteSourceSize": {
        "h": 16, 
        "w": 16, 
        "x": 0, 
        "y": 0
      }, 
      "trimmed": false
    }, 
    "callout-bottom-arrow-skin0000": {
      "frame": {
        "h": 36, 
        "w": 54, 
        "x": 295, 
        "y": 91
      }, 
      "rotated": false, 
      "sourceSize": {
        "h": 36, 
        "w": 54
      }, 
      "spriteSourceSize": {
        "h": 36, 
        "w": 54, 
        "x": 0, 
        "y": 0
      }, 
      "trimmed": false
    }, 
    "callout-left-arrow-skin0000": {
      "frame": {
        "h": 44, 
        "w": 28, 
        "x": 482, 
        "y": 104
      }, 
      "rotated": false, 
      "sourceSize": {
        "h": 44, 
        "w": 28
      }, 
      "spriteSourceSize": {
        "h": 44, 
        "w": 28, 
        "x": 0, 
        "y": 0
      }, 
      "trimmed": false
    }, 
    "callout-right-arrow-skin0000": {
      "frame": {
        "h": 54, 
        "w": 36, 
        "x": 408, 
        "y": 80
      }, 
      "rotated": false, 
      "sourceSize": {
        "h": 54, 
        "w": 36
      }, 
      "spriteSourceSize": {
        "h": 54, 
        "w": 36, 
        "x": 0, 
        "y": 0
      }, 
      "trimmed": false
    }, 
    "callout-top-arrow-skin0000": {
      "frame": {
        "h": 28, 
        "w": 44, 
        "x": 395, 
        "y": 135
      }, 
      "rotated": false, 
      "sourceSize": {
        "h": 28, 
        "w": 44
      }, 
      "spriteSourceSize": {
        "h": 28, 
        "w": 44, 
        "x": 0, 
        "y": 0
      }, 
      "trimmed": false
    }, 
    "check-disabled-icon0000": {
      "frame": {
        "h": 36, 
        "w": 36, 
        "x": 112, 
        "y": 122
      }, 
      "rotated": false, 
      "sourceSize": {
        "h": 36, 
        "w": 36
      }, 
      "spriteSourceSize": {
        "h": 36, 
        "w": 36, 
        "x": 0, 
        "y": 0
      }, 
      "trimmed": false
    }, 
    "check-item-renderer-selected-icon0000": {
      "frame": {
        "h": 29, 
        "w": 36, 
        "x": 252, 
        "y": 146
      }, 
      "rotated": false, 
      "sourceSize": {
        "h": 29, 
        "w": 36
      }, 
      "spriteSourceSize": {
        "h": 29, 
        "w": 36, 
        "x": 0, 
        "y": 0
      }, 
      "trimmed": false
    }, 
    "check-selected-disabled-icon0000": {
      "frame": {
        "h": 36, 
        "w": 36, 
        "x": 186, 
        "y": 128
      }, 
      "rotated": false, 
      "sourceSize": {
        "h": 36, 
        "w": 36
      }, 
      "spriteSourceSize": {
        "h": 36, 
        "w": 36, 
        "x": 0, 
        "y": 0
      }, 
      "trimmed": false
    }, 
    "check-selected-up-icon0000": {
      "frame": {
        "h": 36, 
        "w": 36, 
        "x": 149, 
        "y": 122
      }, 
      "rotated": false, 
      "sourceSize": {
        "h": 36, 
        "w": 36
      }, 
      "spriteSourceSize": {
        "h": 36, 
        "w": 36, 
        "x": 0, 
        "y": 0
      }, 
      "trimmed": false
    }, 
    "check-up-icon0000": {
      "frame": {
        "h": 36, 
        "w": 36, 
        "x": 295, 
        "y": 128
      }, 
      "rotated": false, 
      "sourceSize": {
        "h": 36, 
        "w": 36
      }, 
      "spriteSourceSize": {
        "h": 36, 
        "w": 36, 
        "x": 0, 
        "y": 0
      }, 
      "trimmed": false
    }, 
    "danger-button-down-skin0000": {
      "frame": {
        "h": 16, 
        "w": 16, 
        "x": 1, 
        "y": 184
      }, 
      "rotated": false, 
      "sourceSize": {
        "h": 16, 
        "w": 16
      }, 
      "spriteSourceSize": {
        "h": 16, 
        "w": 16, 
        "x": 0, 
        "y": 0
      }, 
      "trimmed": false
    }, 
    "danger-button-up-skin0000": {
      "frame": {
        "h": 16, 
        "w": 16, 
        "x": 18, 
        "y": 184
      }, 
      "rotated": false, 
      "sourceSize": {
        "h": 16, 
        "w": 16
      }, 
      "spriteSourceSize": {
        "h": 16, 
        "w": 16, 
        "x": 0, 
        "y": 0
      }, 
      "trimmed": false
    }, 
    "danger-callout-bottom-arrow-skin0000": {
      "frame": {
        "h": 36, 
        "w": 54, 
        "x": 203, 
        "y": 91
      }, 
      "rotated": false, 
      "sourceSize": {
        "h": 36, 
        "w": 54
      }, 
      "spriteSourceSize": {
        "h": 36, 
        "w": 54, 
        "x": 0, 
        "y": 0
      }, 
      "trimmed": false
    }, 
    "danger-callout-left-arrow-skin0000": {
      "frame": {
        "h": 44, 
        "w": 28, 
        "x": 223, 
        "y": 128
      }, 
      "rotated": false, 
      "sourceSize": {
        "h": 44, 
        "w": 28
      }, 
      "spriteSourceSize": {
        "h": 44, 
        "w": 28, 
        "x": 0, 
        "y": 0
      }, 
      "trimmed": false
    }, 
    "danger-callout-right-arrow-skin0000": {
      "frame": {
        "h": 54, 
        "w": 36, 
        "x": 258, 
        "y": 91
      }, 
      "rotated": false, 
      "sourceSize": {
        "h": 54, 
        "w": 36
      }, 
      "spriteSourceSize": {
        "h": 54, 
        "w": 36, 
        "x": 0, 
        "y": 0
      }, 
      "trimmed": false
    }, 
    "danger-callout-top-arrow-skin0000": {
      "frame": {
        "h": 28, 
        "w": 44, 
        "x": 332, 
        "y": 136
      }, 
      "rotated": false, 
      "sourceSize": {
        "h": 28, 
        "w": 44
      }, 
      "spriteSourceSize": {
        "h": 28, 
        "w": 44, 
        "x": 0, 
        "y": 0
      }, 
      "trimmed": false
    }, 
    "danger-pop-up-background-skin0000": {
      "frame": {
        "h": 29, 
        "w": 29, 
        "x": 80, 
        "y": 159
      }, 
      "rotated": false, 
      "sourceSize": {
        "h": 29, 
        "w": 29
      }, 
      "spriteSourceSize": {
        "h": 29, 
        "w": 29, 
        "x": 0, 
        "y": 0
      }, 
      "trimmed": false
    }, 
    "face-disabled-skin0000": {
      "frame": {
        "h": 16, 
        "w": 16, 
        "x": 110, 
        "y": 184
      }, 
      "rotated": false, 
      "sourceSize": {
        "h": 16, 
        "w": 16
      }, 
      "spriteSourceSize": {
        "h": 16, 
        "w": 16, 
        "x": 0, 
        "y": 0
      }, 
      "trimmed": false
    }, 
    "face-up-skin0000": {
      "frame": {
        "h": 16, 
        "w": 16, 
        "x": 244, 
        "y": 176
      }, 
      "rotated": false, 
      "sourceSize": {
        "h": 16, 
        "w": 16
      }, 
      "spriteSourceSize": {
        "h": 16, 
        "w": 16, 
        "x": 0, 
        "y": 0
      }, 
      "trimmed": false
    }, 
    "forward-button-disabled-skin0000": {
      "frame": {
        "h": 56, 
        "w": 40, 
        "x": 367, 
        "y": 34
      }, 
      "rotated": false, 
      "sourceSize": {
        "h": 56, 
        "w": 40
      }, 
      "spriteSourceSize": {
        "h": 56, 
        "w": 40, 
        "x": 0, 
        "y": 0
      }, 
      "trimmed": false
    }, 
    "forward-button-down-skin0000": {
      "frame": {
        "h": 56, 
        "w": 40, 
        "x": 460, 
        "y": 1
      }, 
      "rotated": false, 
      "sourceSize": {
        "h": 56, 
        "w": 40
      }, 
      "spriteSourceSize": {
        "h": 56, 
        "w": 40, 
        "x": 0, 
        "y": 0
      }, 
      "trimmed": false
    }, 
    "forward-button-up-skin0000": {
      "frame": {
        "h": 56, 
        "w": 40, 
        "x": 326, 
        "y": 34
      }, 
      "rotated": false, 
      "sourceSize": {
        "h": 56, 
        "w": 40
      }, 
      "spriteSourceSize": {
        "h": 56, 
        "w": 40, 
        "x": 0, 
        "y": 0
      }, 
      "trimmed": false
    }, 
    "full-screen-toggle-button-enter-up-icon0000": {
      "frame": {
        "h": 24, 
        "w": 24, 
        "x": 402, 
        "y": 164
      }, 
      "rotated": false, 
      "sourceSize": {
        "h": 24, 
        "w": 24
      }, 
      "spriteSourceSize": {
        "h": 24, 
        "w": 24, 
        "x": 0, 
        "y": 0
      }, 
      "trimmed": false
    }, 
    "full-screen-toggle-button-exit-up-icon0000": {
      "frame": {
        "h": 24, 
        "w": 24, 
        "x": 135, 
        "y": 159
      }, 
      "rotated": false, 
      "sourceSize": {
        "h": 24, 
        "w": 24
      }, 
      "spriteSourceSize": {
        "h": 24, 
        "w": 24, 
        "x": 0, 
        "y": 0
      }, 
      "trimmed": false
    }, 
    "header-background-skin0000": {
      "frame": {
        "h": 14, 
        "w": 6, 
        "x": 501, 
        "y": 41
      }, 
      "rotated": false, 
      "sourceSize": {
        "h": 14, 
        "w": 6
      }, 
      "spriteSourceSize": {
        "h": 14, 
        "w": 6, 
        "x": 0, 
        "y": 0
      }, 
      "trimmed": false
    }, 
    "inset-background-danger-skin0000": {
      "frame": {
        "h": 16, 
        "w": 16, 
        "x": 461, 
        "y": 174
      }, 
      "rotated": false, 
      "sourceSize": {
        "h": 16, 
        "w": 16
      }, 
      "spriteSourceSize": {
        "h": 16, 
        "w": 16, 
        "x": 0, 
        "y": 0
      }, 
      "trimmed": false
    }, 
    "inset-background-disabled-skin0000": {
      "frame": {
        "h": 16, 
        "w": 16, 
        "x": 427, 
        "y": 174
      }, 
      "rotated": false, 
      "sourceSize": {
        "h": 16, 
        "w": 16
      }, 
      "spriteSourceSize": {
        "h": 16, 
        "w": 16, 
        "x": 0, 
        "y": 0
      }, 
      "trimmed": false
    }, 
    "inset-background-enabled-skin0000": {
      "frame": {
        "h": 16, 
        "w": 16, 
        "x": 444, 
        "y": 174
      }, 
      "rotated": false, 
      "sourceSize": {
        "h": 16, 
        "w": 16
      }, 
      "spriteSourceSize": {
        "h": 16, 
        "w": 16, 
        "x": 0, 
        "y": 0
      }, 
      "trimmed": false
    }, 
    "inset-background-focused-skin0000": {
      "frame": {
        "h": 16, 
        "w": 16, 
        "x": 261, 
        "y": 176
      }, 
      "rotated": false, 
      "sourceSize": {
        "h": 16, 
        "w": 16
      }, 
      "spriteSourceSize": {
        "h": 16, 
        "w": 16, 
        "x": 0, 
        "y": 0
      }, 
      "trimmed": false
    }, 
    "item-renderer-down-skin0000": {
      "frame": {
        "h": 16, 
        "w": 12, 
        "x": 498, 
        "y": 58
      }, 
      "rotated": false, 
      "sourceSize": {
        "h": 16, 
        "w": 12
      }, 
      "spriteSourceSize": {
        "h": 16, 
        "w": 12, 
        "x": 0, 
        "y": 0
      }, 
      "trimmed": false
    }, 
    "item-renderer-selected-up-skin0000": {
      "frame": {
        "h": 16, 
        "w": 12, 
        "x": 498, 
        "y": 75
      }, 
      "rotated": false, 
      "sourceSize": {
        "h": 16, 
        "w": 12
      }, 
      "spriteSourceSize": {
        "h": 16, 
        "w": 12, 
        "x": 0, 
        "y": 0
      }, 
      "trimmed": false
    }, 
    "item-renderer-up-skin0000": {
      "frame": {
        "h": 14, 
        "w": 4, 
        "x": 506, 
        "y": 1
      }, 
      "rotated": false, 
      "sourceSize": {
        "h": 14, 
        "w": 4
      }, 
      "spriteSourceSize": {
        "h": 14, 
        "w": 4, 
        "x": 0, 
        "y": 0
      }, 
      "trimmed": false
    }, 
    "list-accessory-drill-down-icon0000": {
      "frame": {
        "h": 27, 
        "w": 18, 
        "x": 489, 
        "y": 149
      }, 
      "rotated": false, 
      "sourceSize": {
        "h": 27, 
        "w": 18
      }, 
      "spriteSourceSize": {
        "h": 27, 
        "w": 18, 
        "x": 0, 
        "y": 0
      }, 
      "trimmed": false
    }, 
    "mute-toggle-button-loud-up-icon0000": {
      "frame": {
        "h": 24, 
        "w": 24, 
        "x": 377, 
        "y": 164
      }, 
      "rotated": false, 
      "sourceSize": {
        "h": 24, 
        "w": 24
      }, 
      "spriteSourceSize": {
        "h": 24, 
        "w": 24, 
        "x": 0, 
        "y": 0
      }, 
      "trimmed": false
    }, 
    "mute-toggle-button-muted-up-icon0000": {
      "frame": {
        "h": 24, 
        "w": 24, 
        "x": 185, 
        "y": 165
      }, 
      "rotated": false, 
      "sourceSize": {
        "h": 24, 
        "w": 24
      }, 
      "spriteSourceSize": {
        "h": 24, 
        "w": 24, 
        "x": 0, 
        "y": 0
      }, 
      "trimmed": false
    }, 
    "overlay-play-pause-toggle-button-play-down-icon0000": {
      "frame": {
        "h": 120, 
        "w": 100, 
        "x": 1, 
        "y": 1
      }, 
      "rotated": false, 
      "sourceSize": {
        "h": 120, 
        "w": 100
      }, 
      "spriteSourceSize": {
        "h": 120, 
        "w": 100, 
        "x": 0, 
        "y": 0
      }, 
      "trimmed": false
    }, 
    "overlay-play-pause-toggle-button-play-up-icon0000": {
      "frame": {
        "h": 120, 
        "w": 100, 
        "x": 102, 
        "y": 1
      }, 
      "rotated": false, 
      "sourceSize": {
        "h": 120, 
        "w": 100
      }, 
      "spriteSourceSize": {
        "h": 120, 
        "w": 100, 
        "x": 0, 
        "y": 0
      }, 
      "trimmed": false
    }, 
    "page-indicator-selected-symbol0000": {
      "frame": {
        "h": 16, 
        "w": 16, 
        "x": 495, 
        "y": 177
      }, 
      "rotated": false, 
      "sourceSize": {
        "h": 16, 
        "w": 16
      }, 
      "spriteSourceSize": {
        "h": 16, 
        "w": 16, 
        "x": 0, 
        "y": 0
      }, 
      "trimmed": false
    }, 
    "page-indicator-symbol0000": {
      "frame": {
        "h": 16, 
        "w": 16, 
        "x": 327, 
        "y": 182
      }, 
      "rotated": false, 
      "sourceSize": {
        "h": 16, 
        "w": 16
      }, 
      "spriteSourceSize": {
        "h": 16, 
        "w": 16, 
        "x": 0, 
        "y": 0
      }, 
      "trimmed": false
    }, 
    "panel-background-skin0000": {
      "frame": {
        "h": 16, 
        "w": 16, 
        "x": 478, 
        "y": 177
      }, 
      "rotated": false, 
      "sourceSize": {
        "h": 16, 
        "w": 16
      }, 
      "spriteSourceSize": {
        "h": 16, 
        "w": 16, 
        "x": 0, 
        "y": 0
      }, 
      "trimmed": false
    }, 
    "panel-header-background-skin0000": {
      "frame": {
        "h": 14, 
        "w": 6, 
        "x": 453, 
        "y": 34
      }, 
      "rotated": false, 
      "sourceSize": {
        "h": 14, 
        "w": 6
      }, 
      "spriteSourceSize": {
        "h": 14, 
        "w": 6, 
        "x": 0, 
        "y": 0
      }, 
      "trimmed": false
    }, 
    "pf_ronda_seven_0": {
      "frame": {
        "h": 32, 
        "w": 256, 
        "x": 203, 
        "y": 1
      }, 
      "rotated": false, 
      "sourceSize": {
        "h": 32, 
        "w": 256
      }, 
      "spriteSourceSize": {
        "h": 32, 
        "w": 256, 
        "x": 0, 
        "y": 0
      }, 
      "trimmed": false
    }, 
    "picker-list-disabled-icon0000": {
      "frame": {
        "h": 16, 
        "w": 16, 
        "x": 344, 
        "y": 165
      }, 
      "rotated": false, 
      "sourceSize": {
        "h": 16, 
        "w": 16
      }, 
      "spriteSourceSize": {
        "h": 16, 
        "w": 16, 
        "x": 0, 
        "y": 0
      }, 
      "trimmed": false
    }, 
    "picker-list-icon0000": {
      "frame": {
        "h": 16, 
        "w": 16, 
        "x": 210, 
        "y": 173
      }, 
      "rotated": false, 
      "sourceSize": {
        "h": 16, 
        "w": 16
      }, 
      "spriteSourceSize": {
        "h": 16, 
        "w": 16, 
        "x": 0, 
        "y": 0
      }, 
      "trimmed": false
    }, 
    "picker-list-selected-icon0000": {
      "frame": {
        "h": 16, 
        "w": 16, 
        "x": 127, 
        "y": 184
      }, 
      "rotated": false, 
      "sourceSize": {
        "h": 16, 
        "w": 16
      }, 
      "spriteSourceSize": {
        "h": 16, 
        "w": 16, 
        "x": 0, 
        "y": 0
      }, 
      "trimmed": false
    }, 
    "play-pause-toggle-button-pause-up-icon0000": {
      "frame": {
        "h": 24, 
        "w": 24, 
        "x": 160, 
        "y": 159
      }, 
      "rotated": false, 
      "sourceSize": {
        "h": 24, 
        "w": 24
      }, 
      "spriteSourceSize": {
        "h": 24, 
        "w": 24, 
        "x": 0, 
        "y": 0
      }, 
      "trimmed": false
    }, 
    "play-pause-toggle-button-play-up-icon0000": {
      "frame": {
        "h": 24, 
        "w": 24, 
        "x": 110, 
        "y": 159
      }, 
      "rotated": false, 
      "sourceSize": {
        "h": 24, 
        "w": 24
      }, 
      "spriteSourceSize": {
        "h": 24, 
        "w": 24, 
        "x": 0, 
        "y": 0
      }, 
      "trimmed": false
    }, 
    "pop-up-background-skin0000": {
      "frame": {
        "h": 29, 
        "w": 29, 
        "x": 50, 
        "y": 159
      }, 
      "rotated": false, 
      "sourceSize": {
        "h": 29, 
        "w": 29
      }, 
      "spriteSourceSize": {
        "h": 29, 
        "w": 29, 
        "x": 0, 
        "y": 0
      }, 
      "trimmed": false
    }, 
    "radio-disabled-icon0000": {
      "frame": {
        "h": 36, 
        "w": 36, 
        "x": 75, 
        "y": 122
      }, 
      "rotated": false, 
      "sourceSize": {
        "h": 36, 
        "w": 36
      }, 
      "spriteSourceSize": {
        "h": 36, 
        "w": 36, 
        "x": 0, 
        "y": 0
      }, 
      "trimmed": false
    }, 
    "radio-selected-disabled-icon0000": {
      "frame": {
        "h": 36, 
        "w": 36, 
        "x": 445, 
        "y": 104
      }, 
      "rotated": false, 
      "sourceSize": {
        "h": 36, 
        "w": 36
      }, 
      "spriteSourceSize": {
        "h": 36, 
        "w": 36, 
        "x": 0, 
        "y": 0
      }, 
      "trimmed": false
    }, 
    "radio-selected-up-icon0000": {
      "frame": {
        "h": 36, 
        "w": 36, 
        "x": 1, 
        "y": 122
      }, 
      "rotated": false, 
      "sourceSize": {
        "h": 36, 
        "w": 36
      }, 
      "spriteSourceSize": {
        "h": 36, 
        "w": 36, 
        "x": 0, 
        "y": 0
      }, 
      "trimmed": false
    }, 
    "radio-up-icon0000": {
      "frame": {
        "h": 36, 
        "w": 36, 
        "x": 38, 
        "y": 122
      }, 
      "rotated": false, 
      "sourceSize": {
        "h": 36, 
        "w": 36
      }, 
      "spriteSourceSize": {
        "h": 36, 
        "w": 36, 
        "x": 0, 
        "y": 0
      }, 
      "trimmed": false
    }, 
    "search-disabled-icon0000": {
      "frame": {
        "h": 18, 
        "w": 18, 
        "x": 289, 
        "y": 165
      }, 
      "rotated": false, 
      "sourceSize": {
        "h": 18, 
        "w": 18
      }, 
      "spriteSourceSize": {
        "h": 18, 
        "w": 18, 
        "x": 0, 
        "y": 0
      }, 
      "trimmed": false
    }, 
    "search-enabled-icon0000": {
      "frame": {
        "h": 18, 
        "w": 18, 
        "x": 308, 
        "y": 165
      }, 
      "rotated": false, 
      "sourceSize": {
        "h": 18, 
        "w": 18
      }, 
      "spriteSourceSize": {
        "h": 18, 
        "w": 18, 
        "x": 0, 
        "y": 0
      }, 
      "trimmed": false
    }, 
    "seek-slider-progress-skin0000": {
      "frame": {
        "h": 24, 
        "w": 4, 
        "x": 501, 
        "y": 1
      }, 
      "rotated": false, 
      "sourceSize": {
        "h": 24, 
        "w": 4
      }, 
      "spriteSourceSize": {
        "h": 24, 
        "w": 4, 
        "x": 0, 
        "y": 0
      }, 
      "trimmed": false
    }, 
    "simple-scroll-bar-thumb-skin0000": {
      "frame": {
        "h": 8, 
        "w": 8, 
        "x": 395, 
        "y": 91
      }, 
      "rotated": false, 
      "sourceSize": {
        "h": 8, 
        "w": 8
      }, 
      "spriteSourceSize": {
        "h": 8, 
        "w": 8, 
        "x": 0, 
        "y": 0
      }, 
      "trimmed": false
    }, 
    "spinner-list-selection-overlay-skin0000": {
      "frame": {
        "h": 14, 
        "w": 6, 
        "x": 501, 
        "y": 26
      }, 
      "rotated": false, 
      "sourceSize": {
        "h": 14, 
        "w": 6
      }, 
      "spriteSourceSize": {
        "h": 14, 
        "w": 6, 
        "x": 0, 
        "y": 0
      }, 
      "trimmed": false
    }, 
    "tab-down-skin0000": {
      "frame": {
        "h": 44, 
        "w": 44, 
        "x": 350, 
        "y": 91
      }, 
      "rotated": false, 
      "sourceSize": {
        "h": 44, 
        "w": 44
      }, 
      "spriteSourceSize": {
        "h": 44, 
        "w": 44, 
        "x": 0, 
        "y": 0
      }, 
      "trimmed": false
    }, 
    "tab-selected-disabled-skin0000": {
      "frame": {
        "h": 45, 
        "w": 44, 
        "x": 453, 
        "y": 58
      }, 
      "rotated": false, 
      "sourceSize": {
        "h": 45, 
        "w": 44
      }, 
      "spriteSourceSize": {
        "h": 45, 
        "w": 44, 
        "x": 0, 
        "y": 0
      }, 
      "trimmed": false
    }, 
    "tab-selected-up-skin0000": {
      "frame": {
        "h": 45, 
        "w": 44, 
        "x": 408, 
        "y": 34
      }, 
      "rotated": false, 
      "sourceSize": {
        "h": 45, 
        "w": 44
      }, 
      "spriteSourceSize": {
        "h": 45, 
        "w": 44, 
        "x": 0, 
        "y": 0
      }, 
      "trimmed": false
    }, 
    "vertical-scroll-bar-decrement-button-icon0000": {
      "frame": {
        "h": 6, 
        "w": 10, 
        "x": 498, 
        "y": 92
      }, 
      "rotated": false, 
      "sourceSize": {
        "h": 6, 
        "w": 10
      }, 
      "spriteSourceSize": {
        "h": 6, 
        "w": 10, 
        "x": 0, 
        "y": 0
      }, 
      "trimmed": false
    }, 
    "vertical-scroll-bar-increment-button-icon0000": {
      "frame": {
        "h": 6, 
        "w": 10, 
        "x": 395, 
        "y": 100
      }, 
      "rotated": false, 
      "sourceSize": {
        "h": 6, 
        "w": 10
      }, 
      "spriteSourceSize": {
        "h": 6, 
        "w": 10, 
        "x": 0, 
        "y": 0
      }, 
      "trimmed": false
    }, 
    "volume-slider-maximum-track-skin0000": {
      "frame": {
        "h": 24, 
        "w": 48, 
        "x": 1, 
        "y": 159
      }, 
      "rotated": false, 
      "sourceSize": {
        "h": 24, 
        "w": 48
      }, 
      "spriteSourceSize": {
        "h": 24, 
        "w": 48, 
        "x": 0, 
        "y": 0
      }, 
      "trimmed": false
    }, 
    "volume-slider-minimum-track-skin0000": {
      "frame": {
        "h": 24, 
        "w": 48, 
        "x": 440, 
        "y": 149
      }, 
      "rotated": false, 
      "sourceSize": {
        "h": 24, 
        "w": 48
      }, 
      "spriteSourceSize": {
        "h": 24, 
        "w": 48, 
        "x": 0, 
        "y": 0
      }, 
      "trimmed": false
    }
  }, 
  "grids": {
    "BACK_BUTTON_SCALE9_GRID": [
      "16", 
      "0", 
      "1", 
      "28"
    ], 
    "DEFAULT_SCALE_9_GRID": [
      "4", 
      "4", 
      "1", 
      "1"
    ], 
    "FORWARD_BUTTON_SCALE9_GRID": [
      "3", 
      "0", 
      "1", 
      "28"
    ], 
    "HEADER_SCALE_9_GRID": [
      "1", 
      "3", 
      "1", 
      "1"
    ], 
    "ITEM_RENDERER_SCALE_9_GRID": [
      "0.5", 
      "3", 
      "1", 
      "1"
    ], 
    "SCROLLBAR_THUMB_SCALE_9_GRID": [
      "1", 
      "1", 
      "2", 
      "2"
    ], 
    "SEEK_SLIDER_PROGRESS_SKIN_SCALE9_GRID": [
      "0", 
      "2", 
      "2", 
      "10"
    ], 
    "SPINNER_LIST_SELECTION_OVERLAY_SCALE9_GRID": [
      "1", 
      "3", 
      "1", 
      "1"
    ], 
    "TAB_SCALE_9_GRID": [
      "11", 
      "11", 
      "1", 
      "1"
    ]
  }, 
  "meta": {
    "image": "minimal_mobile.png", 
    "size": {
      "h": 512, 
      "w": 512
    }, 
    "version": "1.0"
  }
}