﻿<?xml version="1.0" encoding="utf-8"?>
<uiComp>
	<!-- drag:0-不能拖动，1-水平，2-垂直，3-全部 -->
	<Sprite className="laya.editorUI.SpritePlayer" resName="sprite" icon="Sprite" groups="公用,常用,宽高及位置,旋转及缩放" drag="3">
		<prop name="var" tips="声明一个唯一的名称，用来引用当前组件，方便在代码中调用此组件" type="string" default="" group="公用" />
		<prop name="name" tips="组件名称" type="string" default="" group="公用" />
		<prop name="x" tips="X轴坐标" type="number" default="" group="宽高及位置" />
		<prop name="y" tips="Y轴坐标" type="number" default="" group="宽高及位置" />
		<prop name="width" tips="宽度" type="number" default="" group="宽高及位置" />
		<prop name="height" tips="高度" type="number" default="" group="宽高及位置" />
		<prop name="runtime" tips="运行时的逻辑类，格式为类的全路径，比如game.user.Player，会在运行时把此节点当作Player类实例" type="string" default="" group="常用" />
		<prop name="pivotX" tips="X轴心点，以像素为单位，此值影响组件的缩放中心，旋转中心，及显示位置" type="number" default="" />
		<prop name="pivotY" tips="Y轴心点，以像素为单位，此值影响组件的缩放中心，旋转中心，及显示位置" type="number" default="" />
		<prop name="skewX" tips="水平倾斜的角度" type="number" default="" />
		<prop name="skewY" tips="垂直倾斜的角度" type="number" default="" />
		<prop name="alpha" tips="透明度(0-1)" type="number" default="" />
		<prop name="blendMode" tips="混合模式" type="option" option="lighter" default="" />
		<prop name="mouseEnabled" tips="是否接收鼠标" type="bool" default="true" />
		<prop name="mouseThrough" tips="指定当mouseEnabled=true时，是否可穿透。默认值为false，如果设置为true，则点击空白区域可以穿透过去。" type="bool" default="false" />
		<prop name="cacheAs" tips="缓存组件，合理使用能提高性能，none为不缓存，normal为只缓存命令，bitmap为缓存为位图" type="option" option="none,normal,bitmap" default="none" />
		<prop name="staticCache" tips="是否开启为静态缓存（需要先设置cacheAs后才生效）" type="bool" default="false" />
		<prop name="scaleX" tips="水平缩放，默认为1" type="number" default="" />
		<prop name="scaleY" tips="垂直缩放，默认为1" type="number" default="" />
		<prop name="visible" tips="是否显示，默认为true" type="bool" default="true" />
		<prop name="hitTestPrior" tips="指定鼠标碰撞检测是否优先检测自己（有宽高），默认为false，合理使用能减少鼠标碰撞，提高性能" type="bool" default="true" />
		<prop name="rotation" tips="旋转的角度" type="number" default="" />
	</Sprite>
	<SoundNode className="laya.editorUI.SoundPlayer" runClass="laya.media.SoundNode" defaultValue="skin='../laya/icons/components/Sound.png'" skinLabel="url" icon="Sound" extension="mp3,ogg" groups="公用,常用,宽高及位置,旋转及缩放" drag="5">
		<prop name="url" tips="声音文件路径" type="string" accept="res" acceptTypes="mp3,ogg" default="" group="公用" />
		<prop name="var" tips="声明一个唯一的名称，用来引用当前组件，方便在代码中调用此组件" type="string" default="" group="公用" />
		<prop name="name" tips="组件名称" type="string" default="" group="公用" />
		<prop name="playEvent" nickname="playEvent" tips="触发播放的事件" type="option" option="mousedown,mouseup,mousemove,mouseover,mouseout,click,doubleclick,rightmousedown,rightmouseup,rightclick" default="" group="公用" />
		<prop name="stopEvent" nickname="stopEvent" tips="触发停止的事件" type="option" option="mousedown,mouseup,mousemove,mouseover,mouseout,click,doubleclick,rightmousedown,rightmouseup,rightclick" default="" group="公用" />
	</SoundNode>
	<EffectAnimation className="laya.editorUI.EffectAnimationPlayer" runClass="laya.display.EffectAnimation" defaultValue="skin='../laya/icons/components/Animation.png'" skinLabel="effect" icon="Animation" extension="mp3,ogg" groups="公用,常用,宽高及位置,旋转及缩放" drag="5">
		<prop name="effect" tips="声音文件路径" type="string" accept="res" acceptTypes="efc" default="" group="公用" />
		<prop name="var" tips="声明一个唯一的名称，用来引用当前组件，方便在代码中调用此组件" type="string" default="" group="公用" />
		<prop name="name" tips="组件名称" type="string" default="" group="公用" />
		<prop name="playEvent" nickname="playEvent" tips="触发播放的事件" type="option" option="mousedown,mouseup,mousemove,mouseover,mouseout,click,doubleclick,rightmousedown,rightmouseup,rightclick" default="" group="公用" />
	</EffectAnimation>
	<Graphic className="laya.editorUI.GraphicContainer" defaultValue="skin='comp/sound.png'" skinLabel="url" icon="Box" groups="公用,常用,宽高及位置,旋转及缩放" drag="3">
		<prop name="x" tips="X轴坐标" type="number" default="" group="宽高及位置" />
		<prop name="y" tips="Y轴坐标" type="number" default="" group="宽高及位置" />
		<prop name="name" tips="组件名称" type="string" default="" group="常用" />
	</Graphic>
	<GraphicPic className="laya.editorUI.GraphicPic" defaultValue="" skinLabel="skin" icon="Box" groups="公用,常用,宽高及位置,旋转及缩放" drag="3">
		<prop name="x" tips="X轴坐标" type="number" default="" group="宽高及位置" />
		<prop name="y" tips="Y轴坐标" type="number" default="" group="宽高及位置" />
		<prop name="width" tips="宽度" type="number" default="" group="宽高及位置" />
		<prop name="height" tips="高度" type="number" default="" group="宽高及位置" />
		<prop name="scaleX" tips="水平缩放，默认为1" type="number" default="" group="旋转及缩放" />
		<prop name="scaleY" tips="垂直缩放，默认为1" type="number" default="" group="旋转及缩放" />
		<prop name="pivotX" tips="X轴心点，以像素为单位，此值影响组件的缩放中心，旋转中心，及显示位置" type="number" default="" group="旋转及缩放" />
		<prop name="pivotY" tips="Y轴心点，以像素为单位，此值影响组件的缩放中心，旋转中心，及显示位置" type="number" default="" group="旋转及缩放" />
		<prop name="anchorX" tips="X轴锚点，值为0-1" type="number" default="" group="旋转及缩放" />
		<prop name="anchorY" tips="Y轴锚点，值为0-1" type="number" default="" group="旋转及缩放" />
		<prop name="skewX" tips="水平倾斜的角度" type="number" default="" group="旋转及缩放" />
		<prop name="skewY" tips="垂直倾斜的角度" type="number" default="" group="旋转及缩放" />
		<prop name="rotation" tips="旋转的角度" type="number" default="" group="旋转及缩放" />
		<prop name="skin" tips="皮肤地址" type="string" default="" group="常用" />
		<prop name="alpha" tips="透明度，取值0-1" type="number" default="" group="常用" />
		<prop name="name" tips="组件名称" type="string" default="" group="常用" />
	</GraphicPic>
        <GraphicNode className="laya.editorUI.GraphicPic" defaultValue="" skinLabel="skin" icon="Box" groups="公用,常用,宽高及位置,旋转及缩放" drag="3">
		<prop name="x" tips="X轴坐标" type="number" default="" group="宽高及位置" />
		<prop name="y" tips="Y轴坐标" type="number" default="" group="宽高及位置" />
		<prop name="width" tips="宽度" type="number" default="" group="宽高及位置" />
		<prop name="height" tips="高度" type="number" default="" group="宽高及位置" />
		<prop name="scaleX" tips="水平缩放，默认为1" type="number" default="" group="旋转及缩放" />
		<prop name="scaleY" tips="垂直缩放，默认为1" type="number" default="" group="旋转及缩放" />
		<prop name="pivotX" tips="X轴心点，以像素为单位，此值影响组件的缩放中心，旋转中心，及显示位置" type="number" default="" group="旋转及缩放" />
		<prop name="pivotY" tips="Y轴心点，以像素为单位，此值影响组件的缩放中心，旋转中心，及显示位置" type="number" default="" group="旋转及缩放" />
		<prop name="anchorX" tips="X轴锚点，值为0-1" type="number" default="" group="旋转及缩放" />
		<prop name="anchorY" tips="Y轴锚点，值为0-1" type="number" default="" group="旋转及缩放" />
		<prop name="skewX" tips="水平倾斜的角度" type="number" default="" group="旋转及缩放" />
		<prop name="skewY" tips="垂直倾斜的角度" type="number" default="" group="旋转及缩放" />
		<prop name="rotation" tips="旋转的角度" type="number" default="" group="旋转及缩放" />
		<prop name="skin" tips="皮肤地址" type="string" default="" group="常用" />
		<prop name="alpha" tips="透明度，取值0-1" type="number" default="" group="常用" />
		<prop name="name" tips="组件名称" type="string" default="" group="常用" />
	</GraphicNode>
	<GraphicBase className="laya.editorUI.graphic.DrawRect" runClass="laya.display.Sprite" defaultValue="lineWidth=1 fillColor=#ff0000" skinLabel="url" icon="Box" groups="公用,常用,宽高及位置,Transform" drag="1">
		<prop name="x" tips="X轴坐标" type="number" default="" group="宽高及位置" />
		<prop name="y" tips="Y轴坐标" type="number" default="" group="宽高及位置" />
		<prop name="scaleX" tips="水平缩放，默认为1" type="number" default="" group="Transform" />
		<prop name="scaleY" tips="垂直缩放，默认为1" type="number" default="" group="Transform" />
		<prop name="pivotX" tips="X轴心点，以像素为单位，此值影响组件的缩放中心，旋转中心，及显示位置" type="number" default="" group="Transform" />
		<prop name="pivotY" tips="Y轴心点，以像素为单位，此值影响组件的缩放中心，旋转中心，及显示位置" type="number" default="" group="Transform" />
		<prop name="rotation" tips="旋转的角度" type="number" default="" group="Transform" />
		<prop name="lineWidth" tips="边线宽度，默认为1像素" type="number" default="" group="宽高及位置" />
		<prop name="lineColor" tips="边线颜色，不设置表示不画线" type="color" default="" group="常用" />
		<prop name="fillColor" tips="矩形填充色" type="color" default="" group="常用" />
	</GraphicBase>
	<Script className="laya.editorUI.Script" runClass="laya.display.Sprite" defaultValue="lineWidth=1 fillColor=#ff0000" skinLabel="url" icon="Box" extension="script" drag="5" />
	<Rect className="laya.editorUI.graphic.DrawRect" inherit="GraphicBase" defaultValue="lineWidth=1 width=100 height=100  fillColor=#ff0000" skinLabel="url" icon="Box" groups="公用,常用,宽高及位置,Transform" drag="3">
		<prop name="width" tips="矩形宽度" type="number" default="" group="宽高及位置" />
		<prop name="height" tips="矩形高度" type="number" default="" group="宽高及位置" />
		<prop name="name" tips="组件名称" type="string" default="" group="常用" />
	</Rect>
	<Texture className="laya.editorUI.graphic.DrawTexture" skinLabel="skin" icon="Box" groups="公用,常用,宽高及位置,Transform" drag="3">
		<prop name="x" tips="X轴坐标" type="number" default="" group="宽高及位置" />
		<prop name="y" tips="Y轴坐标" type="number" default="" group="宽高及位置" />
		<prop name="scaleX" tips="水平缩放，默认为1" type="number" default="" group="Transform" />
		<prop name="scaleY" tips="垂直缩放，默认为1" type="number" default="" group="Transform" />
		<prop name="pivotX" tips="X轴心点，以像素为单位，此值影响组件的缩放中心，旋转中心，及显示位置" type="number" default="" group="Transform" />
		<prop name="pivotY" tips="Y轴心点，以像素为单位，此值影响组件的缩放中心，旋转中心，及显示位置" type="number" default="" group="Transform" />
		<prop name="rotation" tips="旋转的角度" type="number" default="" group="Transform" />
		<prop name="alpha" tips="透明度，取值0-1" type="number" default="" group="Transform" />
		<prop name="width" tips="宽度" type="number" default="" group="宽高及位置" />
		<prop name="height" tips="高度" type="number" default="" group="宽高及位置" />
		<prop name="skin" tips="皮肤地址" type="string" default="" group="常用" />
	</Texture>
	<FillTexture className="laya.editorUI.graphic.FillTexture" inherit="Texture" defaultValue="width=100 height=100" skinLabel="skin" icon="Box" groups="公用,常用,宽高及位置,Transform" drag="3">
		<prop name="repeat" tips="平铺模式" type="option" option="repeat,repeat-x,repeat-y,no-repeat" default="" group="常用" />
	</FillTexture>
	<Circle className="laya.editorUI.graphic.DrawCircle" inherit="GraphicBase" defaultValue="lineWidth=1 radius=50  fillColor=#ff0000" skinLabel="url" icon="Box" groups="公用,常用,宽高及位置,Transform" drag="0">
		<prop name="radius" tips="圆半径，必须为正数" type="pNumber" default="" group="宽高及位置" />
		<prop name="name" tips="组件名称" type="string" default="" group="常用" />
	</Circle>
	<Pie className="laya.editorUI.graphic.DrawPie" inherit="Circle" defaultValue="lineWidth=1 radius=100 startAngle=15 endAngle=135 fillColor=#ff0000" skinLabel="url" icon="Box" groups="公用,常用,宽高及位置,Transform" drag="0">
		<prop name="startAngle" tips="起始角度" type="number" default="" group="宽高及位置" />
		<prop name="endAngle" tips="结束角度" type="number" default="" group="宽高及位置" />
	</Pie>
	<Line className="laya.editorUI.graphic.DrawLine" defaultValue="lineWidth=1 toX=120 toY=150  lineColor=#ff0000" skinLabel="url" icon="Box" groups="公用,常用,宽高及位置,Transform" drag="0">
		<prop name="toX" tips="toX" type="number" default="" group="宽高及位置" />
		<prop name="toY" tips="toY" type="number" default="" group="宽高及位置" />
		<prop name="x" tips="X轴坐标" type="number" default="" group="宽高及位置" />
		<prop name="y" tips="Y轴坐标" type="number" default="" group="宽高及位置" />
		<prop name="scaleX" tips="水平缩放，默认为1" type="number" default="" group="Transform" />
		<prop name="scaleY" tips="垂直缩放，默认为1" type="number" default="" group="Transform" />
		<prop name="pivotX" tips="X轴心点，以像素为单位，此值影响组件的缩放中心，旋转中心，及显示位置" type="number" default="" group="Transform" />
		<prop name="pivotY" tips="Y轴心点，以像素为单位，此值影响组件的缩放中心，旋转中心，及显示位置" type="number" default="" group="Transform" />
		<prop name="rotation" tips="旋转的角度" type="number" default="" group="Transform" />
		<prop name="lineWidth" tips="边线宽度，默认为1像素" type="number" default="" group="宽高及位置" />
		<prop name="lineColor" tips="边线颜色" type="color" default="" group="常用" />
	</Line>
	<Lines className="laya.editorUI.graphic.DrawLines" defaultValue="lineWidth=1 points=0,0,40,50,80,70 lineColor=#ff0000" skinLabel="url" icon="Box" groups="公用,常用,宽高及位置,Transform" drag="0">
		<prop name="points" tips="控制点x0,y0,x1,y1...." type="string" default="" group="宽高及位置" />
		<prop name="x" tips="X轴坐标" type="number" default="" group="宽高及位置" />
		<prop name="y" tips="Y轴坐标" type="number" default="" group="宽高及位置" />
		<prop name="scaleX" tips="水平缩放，默认为1" type="number" default="" group="Transform" />
		<prop name="scaleY" tips="垂直缩放，默认为1" type="number" default="" group="Transform" />
		<prop name="pivotX" tips="X轴心点，以像素为单位，此值影响组件的缩放中心，旋转中心，及显示位置" type="number" default="" group="Transform" />
		<prop name="pivotY" tips="Y轴心点，以像素为单位，此值影响组件的缩放中心，旋转中心，及显示位置" type="number" default="" group="Transform" />
		<prop name="rotation" tips="旋转的角度" type="number" default="" group="Transform" />
		<prop name="lineWidth" tips="边线宽度，默认为1像素" type="number" default="" group="宽高及位置" />
		<prop name="lineColor" tips="边线颜色" type="color" default="" group="常用" />
	</Lines>
	<Curves className="laya.editorUI.graphic.DrawCurves" defaultValue="lineWidth=1 points=0,0,64,35,-38,99,95,128,16,202 lineColor=#ff0000" skinLabel="url" icon="Box" groups="公用,常用,宽高及位置,Transform" drag="0">
		<prop name="points" tips="控制点x0,y0,x1,y1...." type="string" default="" group="宽高及位置" />
		<prop name="x" tips="X轴坐标" type="number" default="" group="宽高及位置" />
		<prop name="y" tips="Y轴坐标" type="number" default="" group="宽高及位置" />
		<prop name="scaleX" tips="水平缩放，默认为1" type="number" default="" group="Transform" />
		<prop name="scaleY" tips="垂直缩放，默认为1" type="number" default="" group="Transform" />
		<prop name="pivotX" tips="X轴心点，以像素为单位，此值影响组件的缩放中心，旋转中心，及显示位置" type="number" default="" group="Transform" />
		<prop name="pivotY" tips="Y轴心点，以像素为单位，此值影响组件的缩放中心，旋转中心，及显示位置" type="number" default="" group="Transform" />
		<prop name="rotation" tips="旋转的角度" type="number" default="" group="Transform" />
		<prop name="lineWidth" tips="边线宽度，默认为1像素" type="number" default="" group="宽高及位置" />
		<prop name="lineColor" tips="边线颜色" type="color" default="" group="常用" />
	</Curves>
	<Poly className="laya.editorUI.graphic.DrawPoly" defaultValue="lineWidth=1 points=-10,20,106,-37,152,32,2,80 lineColor=#ff0000 fillColor=#00ffff" skinLabel="url" icon="Box" groups="公用,常用,宽高及位置,Transform" drag="0">
		<prop name="points" tips="控制点x0,y0,x1,y1...." type="string" default="" group="宽高及位置" />
		<prop name="x" tips="X轴坐标" type="number" default="" group="宽高及位置" />
		<prop name="y" tips="Y轴坐标" type="number" default="" group="宽高及位置" />
		<prop name="scaleX" tips="水平缩放，默认为1" type="number" default="" group="Transform" />
		<prop name="scaleY" tips="垂直缩放，默认为1" type="number" default="" group="Transform" />
		<prop name="pivotX" tips="X轴心点，以像素为单位，此值影响组件的缩放中心，旋转中心，及显示位置" type="number" default="" group="Transform" />
		<prop name="pivotY" tips="Y轴心点，以像素为单位，此值影响组件的缩放中心，旋转中心，及显示位置" type="number" default="" group="Transform" />
		<prop name="rotation" tips="旋转的角度" type="number" default="" group="Transform" />
		<prop name="lineWidth" tips="边线宽度，默认为1像素" type="number" default="" group="宽高及位置" />
		<prop name="name" tips="组件名称" type="string" default="" group="常用" />
		<prop name="lineColor" tips="边线颜色，不设置表示不画线" type="color" default="" group="常用" />
		<prop name="fillColor" tips="填充颜色" type="color" default="" group="常用" />
	</Poly>
	<FillText className="laya.editorUI.graphic.FillText" defaultValue="text='fillText' color=#ff0000" skinLabel="url" icon="Box" groups="公用,常用,宽高及位置,Transform" drag="3">
		<prop name="text" tips="文本内容" type="string" default="" group="常用" />
		<prop name="font" tips="字体" type="string" default="" group="常用" />
		<prop name="x" tips="X轴坐标" type="number" default="" group="宽高及位置" />
		<prop name="y" tips="Y轴坐标" type="number" default="" group="宽高及位置" />
		<prop name="scaleX" tips="水平缩放，默认为1" type="number" default="" group="Transform" />
		<prop name="scaleY" tips="垂直缩放，默认为1" type="number" default="" group="Transform" />
		<prop name="pivotX" tips="X轴心点，以像素为单位，此值影响组件的缩放中心，旋转中心，及显示位置" type="number" default="" group="Transform" />
		<prop name="pivotY" tips="Y轴心点，以像素为单位，此值影响组件的缩放中心，旋转中心，及显示位置" type="number" default="" group="Transform" />
		<prop name="rotation" tips="旋转的角度" type="number" default="" group="Transform" />
		<prop name="color" tips="字体颜色" type="color" default="" group="常用" />
		<prop name="textAlign" tips="对齐方式" type="option" option="left,center,right" default="" group="常用" />
	</FillText>
	<GridEditor className="laya.editorUI.GridEditor" defaultValue="lineWidth=1 countX=10 countY=10 gridWidth=30 gridHeight=30 value=1 textColor=#00ffff lineColor=#ff0000" skinLabel="url" icon="Box" groups="公用,常用,宽高及位置,Transform" drag="0">
		<prop name="var" tips="声明一个唯一的名称，用来引用当前组件，方便在代码中调用此组件" type="string" default="" group="公用" />
		<prop name="name" tips="组件名称" type="string" default="" group="公用" />
		<prop name="runtime" tips="运行时的逻辑类，格式为类的全路径，比如game.user.Player，会在运行时把此节点当作Player类实例" type="string" default="" group="常用" />
		<prop name="x" tips="X轴坐标" type="number" default="" group="宽高及位置" />
		<prop name="y" tips="Y轴坐标" type="number" default="" group="宽高及位置" />
		<prop name="countX" tips="横向格子个数" type="int" default="" group="宽高及位置" />
		<prop name="countY" tips="纵向格子个数" type="int" default="" group="宽高及位置" />
		<prop name="gridWidth" tips="格子宽度" type="number" default="" group="宽高及位置" />
		<prop name="gridHeight" tips="格子高度" type="number" default="" group="宽高及位置" />
		<prop name="value" tips="当前点击设置的值" type="string" default="" group="常用" />
		<prop name="isCleanMode" tips="拖动选取是否为删除数据" type="bool" default="" group="常用" />
		<prop name="showPos" tips="是否显示当前鼠标格子信息" type="bool" default="" group="常用" />
		<prop name="lineWidth" tips="边线宽度，默认为1像素" type="number" default="" group="宽高及位置" />
		<prop name="lineColor" tips="线段颜色" type="color" default="" group="常用" />
		<prop name="textColor" tips="文本颜色" type="color" default="" group="常用" />
	</GridEditor>
	<Animation className="laya.editorUI.AnimationPlayer" inherit="Sprite" icon="Animation" resName="animation" skinLabel="source" groups="公用,常用,宽高及位置,旋转及缩放" drag="3">
		<prop name="source" tips="图片集合(多选多个图片)，图集(.json)或者ide创建的动画(.ani)" type="string" accept="files" acceptTypes="ani,json,atlas" failtip="当前输入框接受图片集合(多选多个图片)，图集(.json)或者ide创建的动画(.ani)" default="" group="常用" />
		<prop name="interval" tips="动画播放间隔(单位毫秒)" type="int" default="" group="常用" />
		<prop name="autoPlay" tips="是否自动播放" type="bool" default="false" group="常用" />
		<prop name="autoAnimation" tips="默认播放的动画名称" type="string" default="" group="常用" />
		<prop name="index" tips="播放位置" type="int" default="" group="常用" />
		<prop name="wrapMode" tips="播放类型：0为正序播放，1为倒序播放，2为pingpong播放" type="option" option="0,1,2" default="" group="常用" />
	</Animation>
	<Component className="laya.editorUI.Component">
		<prop name="var" tips="声明一个唯一的名称，用来引用当前组件，方便在代码模式调用此组件" type="string" default="" group="公用" />
		<prop name="name" tips="组件名称" type="string" default="" group="公用" />
		<prop name="runtime" tips="运行时的逻辑类，格式为类的全路径，比如game.user.Player，会在运行时把此节点当作Player类实例" type="string" default="" group="常用" />

		<prop name="pos" tips="分组" type="group" group="宽高及位置">
			<prop name="x" tips="X轴坐标" type="number" default="" group="宽高及位置" />
			<prop name="y" tips="Y轴坐标" type="number" default="" group="宽高及位置" />
		</prop>
		<prop name="pos" tips="分组" type="group" group="宽高及位置">
			<prop name="width" tips="宽度" type="number" default="" group="宽高及位置" />
			<prop name="height" tips="高度" type="number" default="" group="宽高及位置" />
		</prop>
		<prop name="pos" tips="分组" type="group" group="宽高及位置">
			<prop name="left" tips="居父容器左边的距离" type="number" default="" group="宽高及位置" />
			<prop name="right" tips="居父容器右边的距离" type="number" default="" group="宽高及位置" />
		</prop>
		<prop name="pos" tips="分组" type="group" group="宽高及位置">
			<prop name="top" tips="居父容器上边的距离" type="number" default="" group="宽高及位置" />
			<prop name="bottom" tips="居父容器底边的距离" type="number" default="" group="宽高及位置" />
		</prop>
		<prop name="pos" tips="分组" type="group" group="宽高及位置">
			<prop name="centerX" tips="水平居中偏移位置" type="number" default="" group="宽高及位置" />
			<prop name="centerY" tips="垂直居中偏移位置" type="number" default="" group="宽高及位置" />
		</prop>
		<prop name="scale" tips="分组" type="group" group="旋转及缩放">
			<prop name="pivotX" tips="X轴心点，以像素为单位，此值影响组件的缩放中心，旋转中心，及显示位置" type="number" default="" group="旋转及缩放" />
			<prop name="pivotY" tips="Y轴心点，以像素为单位，此值影响组件的缩放中心，旋转中心，及显示位置" type="number" default="" group="旋转及缩放" />
		</prop>
		<prop name="scale" tips="分组" type="group" group="旋转及缩放">
			<prop name="anchorX" tips="X轴锚点，值为0-1" type="number" default="" group="旋转及缩放" />
			<prop name="anchorY" tips="Y轴锚点，值为0-1" type="number" default="" group="旋转及缩放" />
		</prop>
		<prop name="scale" tips="分组" type="group" group="旋转及缩放">
			<prop name="skewX" tips="水平倾斜的角度" type="number" default="" group="旋转及缩放" />
			<prop name="skewY" tips="垂直倾斜的角度" type="number" default="" group="旋转及缩放" />
		</prop>
		<prop name="scale" tips="分组" type="group" group="旋转及缩放">
			<prop name="scaleX" tips="水平缩放，默认为1" type="number" default="" group="旋转及缩放" />
			<prop name="scaleY" tips="垂直缩放，默认为1" type="number" default="" group="旋转及缩放" />
		</prop>

		<prop name="alpha" tips="透明度(0-1)" type="number" default="" />
		<prop name="disabled" tips="是否禁用，禁用后会变灰，同时不接收鼠标事件" type="bool" default="false" />
		<prop name="blendMode" tips="混合模式" type="option" option="lighter" default="" />
		<prop name="layoutEnabled" tips="是否启用相对布局" type="bool" default="true" />
		<prop name="gray" tips="是否变灰，只变灰，接收鼠标事件" type="bool" default="false" />
		<prop name="mouseEnabled" tips="是否接收鼠标" type="bool" default="true" />
		<prop name="mouseThrough" tips="指定当mouseEnabled=true时，是否可穿透。默认值为false，如果设置为true，则点击空白区域可以穿透过去。" type="bool" default="false" />
		<prop name="cacheAsBitmap" tips="是否缓存为位图，功能同cacheAs，建议优先使用cacheAs" type="bool" default="false" />
		<prop name="hitTestPrior" tips="指定鼠标碰撞检测是否优先检测自己（有宽高），默认为true，合理使用能减少鼠标碰撞，提高性能" type="bool" default="false" />
		<prop name="cacheAs" tips="缓存组件，合理使用能提高性能，none为不缓存，normal为只缓存命令，bitmap为缓存为位图" type="option" option="none,normal,bitmap" default="none" />
		<prop name="staticCache" tips="是否开启为静态缓存（需要先设置cacheAs后才生效）" type="bool" default="false" />
		<prop name="visible" tips="是否显示，默认为true" type="bool" default="true" />
		<prop name="rotation" tips="旋转的角度" type="number" default="" group="常用" />
	</Component>
	<Box className="laya.editorUI.Box" inherit="Component" resName="box" icon="Box" groups="公用,常用,宽高及位置,旋转及缩放" drag="3" />
	<View className="laya.editorUI.View" inherit="Box" icon="View" groups="公用,常用,宽高及位置,旋转及缩放" drag="3">
		<prop name="sceneColor" tips="参考背景颜色（实际运行中没有）" type="color" default="" group="常用" />
	</View>
	<Text className="laya.editorUI.Text" inherit="Sprite" icon="Text" resName="text" defaultValue="text='text'" runClass="laya.display.Text" groups="公用,常用,宽高及位置,旋转及缩放" drag="3">
		<prop name="text" tips="文本内容" type="string" default="" group="常用" />
		<prop name="font" tips="字体" type="editoption" option="Arial,SimSun,Microsoft YaHei,SimHei,Helvetica" default="" group="常用" />
		<prop name="fontSize" tips="字体大小" type="int" default="" group="常用" />
		<prop name="bold" tips="是否粗体" type="bool" default="false" group="常用" />
		<prop name="color" tips="文字颜色" type="color" default="" group="常用" />
		<prop name="italic" tips="是否为斜体" type="bool" default="" />
		<prop name="align" tips="水平对齐方式" type="option" option="left,center,right" default="" group="常用" />
		<prop name="valign" tips="垂直对齐方式" type="option" option="top,middle,bottom" default="" />
		<prop name="wordWrap" tips="文本是否自动换行，默认为false。 若值为true" type="bool" default="false" />
		<prop name="leading" tips="垂直行间距（以像素为单位）" type="int" default="" />
		<prop name="padding" tips="边距信息(上边距，右边距，下边距 , 左边距)" type="string" default="" />
		<prop name="overflow" tips="文本超出文本域后的行为" type="option" option="hidden,visible,scroll" default="" group="常用" />
		<prop name="stroke" tips="描边宽度" type="number" default="0" />
		<prop name="strokeColor" tips="描边颜色" type="color" default="#000000" />
	</Text>
	<Dialog className="laya.editorUI.Dialog" inherit="View" icon="Panel" groups="公用,常用,宽高及位置,旋转及缩放" drag="3">
		<prop name="dragArea" tips="拖动区域(格式:x, y, width, height)" type="string" default="" />
		<prop name="popupCenter" tips="指定对话框是否居中弹出;" type="bool" default="" />
	</Dialog>
	<Image className="laya.editorUI.Image" inherit="Component" skinLabel="skin" icon="Image" groups="公用,常用,宽高及位置,旋转及缩放" drag="3">
		<prop name="sizeGrid" tips="九宫格信息(格式:上边距,右边距,下边距,左边距,是否平铺(0或1，可选))" type="string" default="" group="常用" />
		<prop name="skin" tips="皮肤地址，内置支持异步加载" type="string" default="" group="常用" />
		<prop name="group" tips="加载分组，设置后可以按照组管理资源" type="string" default="" group="常用" />
	</Image>
	<Clip className="laya.editorUI.Clip" inherit="Component" skinLabel="skin" resName="clip" icon="Tile" groups="公用,常用,宽高及位置,旋转及缩放" drag="3">
		<prop name="autoPlay" tips="是否自动播放" type="bool" default="false" />
		<prop name="clipWidth" tips="单切片宽度(优先级高于clipX)" type="number" default="" group="常用" />
		<prop name="clipHeight" tips="单切片高度(优先级高于clipY)" type="number" default="" group="常用" />
		<prop name="clipX" tips="切片X轴数量" type="int" default="" group="常用" />
		<prop name="clipY" tips="切片Y轴数量" type="int" default="" group="常用" />
		<prop name="index" tips="当前帧位置" type="int" default="" group="常用" />
		<prop name="interval" tips="动画播放间隔(单位毫秒)" type="int" default="" />
		<prop name="sizeGrid" tips="九宫格信息(格式:上边距,右边距,下边距,左边距,是否平铺(0或1，可选))" type="string" default="" group="常用" />
		<prop name="skin" tips="皮肤地址，内置支持异步加载" type="string" default="" group="常用" />
		<prop name="group" tips="加载分组，设置后可以按照组管理资源" type="string" default="" group="常用" />
	</Clip>
	<FontClip className="laya.editorUI.FontClipPlayer" inherit="Component" skinLabel="skin" defaultValue="sheet='0123456789' value='0123456789'" resName="fontclip" icon="Tile" groups="公用,常用,宽高及位置" drag="3">
		<prop name="interval" tips="动画播放间隔(单位毫秒)" type="int" default="" />
		<prop name="sizeGrid" tips="九宫格信息(格式:上边距,右边距,下边距,左边距,是否平铺(0或1，可选))" type="string" default="" group="常用" />
		<prop name="skin" tips="皮肤地址，内置支持异步加载" type="string" default="" group="常用" />
		<prop name="group" tips="加载分组，设置后可以按照组管理资源" type="string" default="" group="常用" />	
		<prop name="align" tips="水平对齐方式" type="option" option="left,center,right" default="" group="常用" />	
		<prop name="sheet" tips="位图内容范围" type="string" default="0123456789" group="常用"  />
		<prop name="value" tips="位图数字内容" type="string" default="0" group="常用"  />
		<prop name="spaceX" tips="X方向项间隔" type="int" default="" group="常用" />
		<prop name="spaceY" tips="Y方向项间隔" type="int" default="" group="常用" />
		<prop name="direction" tips="排列方向" type="option" option="horizontal,vertical" default="horizontal" group="常用" />
	</FontClip>
	<Label className="laya.editorUI.Label" inherit="Component" defaultValue="text='label'" resName="label" icon="Label" groups="公用,常用,宽高及位置,旋转及缩放" drag="3">
		<prop name="text" tips="文本内容" type="string" default="" group="常用" text="true" />
		<prop name="color" tips="文本颜色" type="color" default="" group="常用" />
		<prop name="bold" tips="是否粗体" type="bool" default="false" group="常用" />
		<prop name="bgColor" tips="背景颜色" type="color" default="" />
		<prop name="borderColor" tips="文本边框背景颜色" type="color" default="" />
		<prop name="font" tips="字体" type="editoption" option="Arial,SimSun,Microsoft YaHei,SimHei,Helvetica" default="" group="常用" />
		<prop name="fontSize" tips="指定文本的字体大小" type="int" default="" group="常用" />
		<prop name="italic" tips="是否为斜体" type="bool" default="" />
		<prop name="leading" tips="段落空行" type="int" default="" />
		<prop name="padding" tips="边距信息(上边距，右边距，下边距 , 左边距)" type="string" default="" />
		<prop name="stroke" tips="描边宽度" type="number" default="0" />
		<prop name="strokeColor" tips="描边颜色" type="color" default="#000000" />
		<prop name="valign" tips="垂直对齐方式" type="option" option="top,middle,bottom" default="" />
		<prop name="wordWrap" tips="文本是否自动换行，默认为false。 若值为true" type="bool" default="false" />
		<prop name="align" tips="水平对齐方式" type="option" option="left,center,right" default="" group="常用" />
		<prop name="overflow" tips="文本超出文本域后的行为" type="option" option="hidden,visible,scroll" default="" group="常用" />
		<prop name="underline" tips="是否显示下划线" type="bool" default="false" />
		<prop name="underlineColor" tips="下划线颜色" type="color" default="" />
	</Label>
	<TextInput className="laya.editorUI.TextInput" inherit="Label" defaultValue="text='TextInput'" skinLabel="skin" resName="input" icon="TextInput" groups="公用,常用,宽高及位置,旋转及缩放" drag="3">
		<prop name="multiline" tips="是否是文本域。 值为true表示当前是文本域，否则不是文本域" type="bool" default="" />
		<prop name="sizeGrid" tips="九宫格信息(格式:上边距,右边距,下边距,左边距,是否平铺(0或1，可选))" type="string" default="" group="常用" />
		<prop name="skin" tips="背景皮肤" type="string" group="常用" />
		<prop name="type" tips="输入框类型" type="option" option="text,password,email,url,number,range,date,month,week,time,datetime,datetime-local,search" group="常用" />
		<prop name="maxChars" tips="最大字符数" type="int" default="" />
		<prop name="restrict" tips="限制输入的字符" type="string" />
		<prop name="prompt" tips="输入提示符" type="string" default="" group="常用" />
		<prop name="promptColor" tips="输入提示符颜色" type="color" default="" group="常用" />
		<prop name="editable" tips="设置可编辑状态" type="bool" default="false" />
	</TextInput>
	<TextArea className="laya.editorUI.TextArea" inherit="TextInput" defaultValue="text='TextArea'" skinLabel="skin" resName="area" icon="TextArea" groups="公用,常用,宽高及位置,旋转及缩放" drag="3">
		<prop name="vScrollBarSkin" tips="垂直滚动条皮肤" type="string" default="" accept="res" group="常用" />
		<prop name="hScrollBarSkin" tips="水平滚动条皮肤" type="string" default="" accept="res" group="常用" />
	</TextArea>
	<Button className="laya.editorUI.Button" inherit="Component" skinLabel="skin" defaultValue="label='label'" resName="btn" icon="Button" groups="公用,常用,宽高及位置,旋转及缩放" drag="3">
		<prop name="label" tips="按钮的文本标签" type="string" default="" group="常用" text="true" />
		<prop name="labelAlign" tips="标签对齐模式，默认为居中对齐" type="option" option="none,left,center,right" default="" />
		<prop name="labelBold" tips="标签加粗" type="bool" default="false" />
		<prop name="labelColors" tips="标签颜色(格式:upColor,overColor,downColor,disableColor)" type="string" default="" />
		<prop name="labelFont" tips="标签字体" type="editoption" option="Arial,SimSun,Microsoft YaHei,SimHei,Helvetica" default="" />
		<prop name="labelPadding" tips="按钮文本标签的边距。 格式：上边距,右边距,下边距,左边距" type="string" default="" />
		<prop name="labelSize" tips="标签大小" type="int" default="" />
		<prop name="labelStroke" tips="描边宽度（以像素为单位）。 默认值0，表示不描边" type="number" default="" />
		<prop name="strokeColors" tips="表示按钮各个状态下的描边颜色(格式:upColor,overColor,downColor,disableColor)" type="string" default="" />
		<prop name="labelStrokeColor" tips="描边颜色，以字符串表示。 默认值为 #000000（黑色）" type="color" default="" />
		<prop name="selected" tips="是否选中" type="bool" default="false" />
		<prop name="sizeGrid" tips="九宫格信息(格式:上边距,右边距,下边距,左边距)" type="string" default="" group="常用" />
		<prop name="skin" tips="皮肤地址" type="string" default="" group="常用" />
		<prop name="stateNum" tips="皮肤的状态数，支持单态，两态和三态按钮" type="option" option="1,2,3" default="3" group="常用" />
		<prop name="toggle" tips="是否是切换按钮的显示状态" type="bool" default="" />
	</Button>
	<CheckBox className="laya.editorUI.CheckBox" inherit="Button" skinLabel="skin" defaultValue="label='label'" resName="check" icon="CheckBox" groups="公用,常用,宽高及位置,旋转及缩放" drag="3" />
	<Radio className="laya.editorUI.Radio" inherit="Button" skinLabel="skin" defaultValue="label='label'" resName="radio" icon="RadioButton" groups="公用,常用,宽高及位置,旋转及缩放" drag="3" />
	<Group className="laya.editorUI.Group" inherit="Box" groups="公用,常用,宽高及位置,旋转及缩放">
		<prop name="skin" tips="皮肤地址" type="string" default="" group="常用" />
		<prop name="labels" tips="标签集合" type="string" default="" group="常用" text="true" />
		<prop name="space" tips="间隔" type="Number" default="" group="常用" />
		<prop name="direction" tips="排列方向" type="option" option="horizontal,vertical" default="horizontal" group="常用" />
		<prop name="selectedIndex" tips="选择索引，默认-1" type="int" default="" group="常用" />
		<prop name="labelAlign" tips="标签对齐模式，默认为居中对齐" type="option" option="none,left,center,right" default="" />
		<prop name="labelBold" tips="标签加粗" type="bool" default="false" />
		<prop name="labelColors" tips="标签颜色(格式:upColor,overColor,downColor,disableColor)" type="string" default="" />
		<prop name="labelFont" tips="标签字体" type="editoption" option="Arial,SimSun,Microsoft YaHei,SimHei,Helvetica" default="" />
		<prop name="labelSize" tips="标签大小" type="int" default="" />
		<prop name="labelStroke" tips="描边宽度（以像素为单位）。 默认值0，表示不描边" type="number" default="" />
		<prop name="labelStrokeColor" tips="描边颜色，以字符串表示。 默认值为 #000000（黑色）" type="color" default="" />
		<prop name="strokeColors" tips="表示按钮各个状态下的描边颜色(格式:upColor,overColor,downColor,disableColor)" type="string" default="" />
		<prop name="labelPadding" tips="按钮文本标签的边距。 格式：上边距,右边距,下边距,左边距" type="string" default="" />
		<prop name="stateNum" tips="按钮的状态值" type="int" default="" />
	</Group>
	<Tab className="laya.editorUI.Tab" inherit="Group" skinLabel="skin" defaultValue="labels='label1,label2'" resName="tab" icon="TabBar" groups="公用,常用,宽高及位置,旋转及缩放" drag="3" />
	<RadioGroup className="laya.editorUI.RadioGroup" inherit="Group" skinLabel="skin" defaultValue="labels='label1,label2'" resName="radiogroup" icon="RadioButtonGroup" groups="公用,常用,宽高及位置,旋转及缩放" drag="3" />
	<ViewStack className="laya.editorUI.ViewStack" inherit="Box" icon="ViewStack" groups="公用,常用,宽高及位置,旋转及缩放" drag="3">
		<prop name="selectedIndex" tips="选择索引" type="int" default="" group="常用" />
	</ViewStack>
	<List className="laya.editorUI.List" inherit="Box" defaultValue="width='100' height='100'" icon="List" groups="公用,常用,宽高及位置,旋转及缩放" drag="3">
		<prop name="repeatX" tips="X方向项数量" type="int" default="" group="常用" />
		<prop name="repeatY" tips="Y方向项数量" type="int" default="" group="常用" />
		<prop name="selectedIndex" tips="当前选择的项索引" type="int" default="" />
		<prop name="selectEnable" tips="是否可以选中" type="bool" default="true" />
		<prop name="spaceX" tips="X方向项间隔" type="int" default="" group="常用" />
		<prop name="spaceY" tips="Y方向项间隔" type="int" default="" group="常用" />
		<prop name="vScrollBarSkin" tips="垂直滚动条皮肤" type="string" default="" accept="res" group="常用" />
		<prop name="hScrollBarSkin" tips="水平滚动条皮肤" type="string" default="" accept="res" group="常用" />
	</List>
	<Tree className="laya.editorUI.Tree" inherit="Box" defaultValue="width='100' height='100'" icon="Tree" groups="公用,常用,宽高及位置,旋转及缩放" drag="3">
		<prop name="keepStatus" tips="数据源发生变化后，是否保持之前打开状态，默认为true。 取值： true：保持之前打开状态。 false：不保持之前打开状态" type="bool" default="true" />
		<prop name="scrollBarSkin" tips="滚动条皮肤" type="string" default=""  accept="res" group="常用" />
		<prop name="selectedIndex" tips="当前选择的项索引" type="int" default="" />
		<prop name="spaceBottom" tips="项间隔距离" type="Number" default="" group="常用" />
		<prop name="spaceLeft" tips="左侧缩进距离" type="Number" default="" group="常用" />
	</Tree>
	<Slider className="laya.editorUI.Slider" inherit="Component" skinLabel="skin" groups="公用,常用,宽高及位置,旋转及缩放" drag="3">
		<prop name="allowClickBack" tips="一个布尔值，指定是否允许通过点击滑动条改变 Slider 的 value 属性值" type="bool" default="true" />
		<prop name="max" tips="滑块上允许的最大值" type="number" default="" group="常用" />
		<prop name="min" tips="滑块上允许的最小值" type="number" default="" group="常用" />
		<prop name="showLabel" tips="是否显示标签" type="bool" default="true" />
		<prop name="sizeGrid" tips="九宫格信息(格式:上边距,右边距,下边距,左边距,是否平铺(0或1，可选))" type="string" default="" group="常用" />
		<prop name="skin" tips="皮肤" type="string" default="" group="常用" />
		<prop name="tick" tips="刻度值" type="number" default="" />
		<prop name="value" tips="当前值" type="number" default="" group="常用" />
	</Slider>
	<VSlider className="laya.editorUI.VSlider" inherit="Slider" skinLabel="skin" resName="vslider" icon="VSlider" drag="2" groups="公用,常用,宽高及位置,旋转及缩放" />
	<HSlider className="laya.editorUI.HSlider" inherit="Slider" skinLabel="skin" resName="hslider" icon="HSlider" drag="1" groups="公用,常用,宽高及位置,旋转及缩放" />
	<ScrollBar className="laya.editorUI.ScrollBar" inherit="Component" skinLabel="skin" groups="公用,常用,宽高及位置,旋转及缩放" drag="3">
		<prop name="skin" tips="皮肤" type="string" default="" group="常用" />
		<prop name="value" tips="当前值" type="number" default="" />
		<prop name="min" tips="最小滚动位置" type="number" default="" />
		<prop name="max" tips="最大滚动位置" type="number" default="" />
		<prop name="scrollSize" tips="点击按钮滚动量" type="number" default="" />
		<prop name="sizeGrid" tips="九宫格信息(格式:上边距,右边距,下边距,左边距,是否平铺(0或1，可选))" type="string" default="" group="常用" />
		<prop name="mouseWheelEnable" tips="是否滚轮滚动，默认为true" type="bool" default="true" />
		<prop name="touchScrollEnable" tips="是否触摸滚动，默认为true" type="bool" default="true" />
		<prop name="hide" tips="是否隐藏滚动条，不显示滚动条，但是可以正常滚动，默认为false" type="bool" default="false" />
		<prop name="autoHide" tips="是否自动隐藏滚动条(无需滚动时)，默认为true" type="bool" default="true" />
		<prop name="showButtons" tips="是是否显示按钮，默认为true" type="bool" default="true" />
		<prop name="scaleBar" tips="是否缩放滑动条，默认值为true" type="bool" default="true" />
		<prop name="rollRatio" tips="滚动衰减系数，默认为0.95" type="number" default="true" />
		<prop name="elasticDistance" tips="橡皮筋效果极限距离，0为没有橡皮筋效果" type="number" default="true" />
		<prop name="elasticBackTime" tips="橡皮筋回弹时间，单位为毫秒" type="number" default="true" />
	</ScrollBar>
	<VScrollBar className="laya.editorUI.VScrollBar" inherit="ScrollBar" skinLabel="skin" resName="vscroll" icon="VScrollBar" groups="公用,常用,宽高及位置,旋转及缩放" drag="2" />
	<HScrollBar className="laya.editorUI.HScrollBar" inherit="ScrollBar" skinLabel="skin" resName="hscroll" icon="HScrollBar" groups="公用,常用,宽高及位置,旋转及缩放" drag="1" />
	<UIView inherit="Box" icon="View" groups="公用,常用,宽高及位置,旋转及缩放">
		<prop name="runtime" tips="运行时的逻辑类，格式为类的全路径，比如game.user.Player，会在运行时把此节点当作Player类实例" type="string" default="" group="常用" />
	</UIView>
	<ProgressBar className="laya.editorUI.ProgressBar" inherit="Component" skinLabel="skin" resName="progress" icon="ProgressBar" groups="公用,常用,宽高及位置,旋转及缩放" drag="1">
		<prop name="sizeGrid" tips="九宫格信息(格式:上边距,右边距,下边距,左边距,是否平铺(0或1，可选))" type="string" default="" group="常用" />
		<prop name="skin" tips="皮肤地址" type="string" default="" group="常用" />
		<prop name="value" tips="当前进度范围是0到1" type="number" default="" />
	</ProgressBar>
	<ComboBox className="laya.editorUI.ComboBox" inherit="Component" skinLabel="skin" defaultValue="labels='label1,label2'" resName="combo" icon="ComboBox" groups="公用,常用,宽高及位置,旋转及缩放" drag="1">
		<prop name="itemColors" tips="项颜色(格式:overBgColor,overLabelColor,outLableColor,borderColor,bgColor)" type="string" default="" />
		<prop name="itemSize" tips="项字体大小" type="int" default="" />
		<prop name="labelBold" tips="标签加粗" type="bool" default="false" />
		<prop name="labelColors" tips="标签颜色(格式:upColor,overColor,downColor,disableColor)" type="string" default="" />
		<prop name="labelFont" tips="字体" type="editoption" option="Arial,SimSun,Microsoft YaHei,SimHei,Helvetica" default="" />
		<prop name="labelPadding" tips="获取或设置对 ComboBox 组件所包含的 Button 组件的文本边距。 格式：上边距,右边距,下边距,左边距" type="string" default="" />
		<prop name="labels" tips="标签集合" type="string" default="" group="常用" text="true" />
		<prop name="labelSize" tips="标签大小" type="int" default="" />
		<prop name="scrollBarSkin" tips="滚动条皮肤" type="string" accept="res" default="" group="常用" />
		<prop name="selectedIndex" tips="选择索引" type="int" default="" group="常用" />
		<prop name="selectedLabel" tips="选择标签" type="string" default="" group="常用" />
		<prop name="sizeGrid" tips="九宫格信息(格式:上边距,右边距,下边距,左边距,是否平铺(0或1，可选))" type="string" default="" group="常用" />
		<prop name="skin" tips="下拉框皮肤地址" type="string" default="" group="常用" />
		<prop name="stateNum" tips="按钮的状态值" type="int" default="" />
		<prop name="visibleNum" tips="下拉列表中可显示的最大行数" type="int" default="" />
	</ComboBox>
	<Panel className="laya.editorUI.Panel" inherit="Box" icon="Panel" groups="公用,常用,宽高及位置,旋转及缩放" drag="3">
		<prop name="hScrollBarSkin" tips="水平滚动条皮肤" type="string" accept="res" default="" group="常用" />
		<prop name="vScrollBarSkin" tips="垂直滚动条皮肤" type="string" accept="res" default="" group="常用" />
	</Panel>
	<HBox className="laya.editorUI.HBox" inherit="Box" icon="HBox" groups="公用,常用,宽高及位置,旋转及缩放" drag="0">
		<prop name="space" tips="子对象的间隔" type="int" default="" group="常用" />
		<prop name="align" tips="布局元素的垂直对齐" type="option" option="none,top,middle,bottom" default="" group="常用" />
	</HBox>
	<VBox className="laya.editorUI.VBox" inherit="Box" icon="VBox" groups="公用,常用,宽高及位置,旋转及缩放" drag="0">
		<prop name="space" tips="子对象的间隔" type="int" default="" group="常用" />
		<prop name="align" tips="布局元素的水平对齐" type="option" option="none,left,center,right" default="" group="常用" />
	</VBox>
	<ColorPicker className="laya.editorUI.ColorPicker" inherit="Component" icon="ColorPicker" groups="公用,常用,宽高及位置,旋转及缩放" drag="0">
		<prop name="bgColor" tips="面板背景颜色" type="color" default="" group="常用" />
		<prop name="borderColor" tips="面板边框颜色" type="color" default="" group="常用" />
		<prop name="inputBgColor" tips="面板文本背景颜色" type="color" default="" group="常用" />
		<prop name="inputColor" tips="面板文本字体颜色" type="color" default="" group="常用" />
		<prop name="selectedColor" tips="选择的颜色" type="color" default="" group="常用" />
		<prop name="skin" tips="皮肤地址" type="string" default="" group="常用" />
	</ColorPicker>
	<MixItems className="laya.editorUI.ParticlePlayer" icon="Box" groups="公用,常用,宽高及位置,旋转及缩放">
		<prop name="x" tips="X轴坐标" type="number" default="" group="宽高及位置" />
		<prop name="y" tips="Y轴坐标" type="number" default="" group="宽高及位置" />
		<prop name="mouseEnabled" tips="是否接收鼠标" type="bool" default="true" />
		<prop name="visible" tips="是否显示，默认为true" type="bool" default="true" />
	</MixItems>
	<ParticlePlayer className="laya.editorUI.ParticlePlayer" runClass="laya.particle.Particle2D" icon="Box" groups="公用,常用,宽高及位置,旋转及缩放" drag="3">
		<prop name="url" tips="粒子文件" type="string" default="" group="公用" />
		<prop name="var" tips="声明一个唯一的名称，用来引用当前组件，方便在代码中调用此组件" type="string" default="" group="公用" />
		<prop name="name" tips="组件名称" type="string" default="" group="公用" />
		<prop name="x" tips="X轴坐标" type="number" default="" group="宽高及位置" />
		<prop name="y" tips="Y轴坐标" type="number" default="" group="宽高及位置" />
		<prop name="width" tips="宽度" type="number" default="" group="宽高及位置" />
		<prop name="height" tips="高度" type="number" default="" group="宽高及位置" />
		<prop name="autoPlay" tips="是否自动播放" type="bool" default="false" group="常用" />
		<prop name="alpha" tips="透明度0-1" type="number" default="" />
		<prop name="mouseEnabled" tips="是否接收鼠标" type="bool" default="true" />
		<prop name="scaleX" tips="水平缩放，默认为1" type="number" default="" />
		<prop name="scaleY" tips="垂直缩放，默认为1" type="number" default="" />
		<prop name="visible" tips="是否显示，默认为true" type="bool" default="true" />
		<prop name="rotation" tips="旋转的角度" type="number" default="" />
	</ParticlePlayer>
	<Particle2D className="laya.editorUI.ParticlePlayer" runClass="laya.particle.Particle2D" icon="Box" groups="公用,常用,宽高及位置,旋转及缩放" drag="3">
		<prop name="url" tips="粒子文件" type="string" default="" group="公用" />
		<prop name="var" tips="声明一个唯一的名称，用来引用当前组件，方便在代码中调用此组件" type="string" default="" group="公用" />
		<prop name="name" tips="组件名称" type="string" default="" group="公用" />
		<prop name="x" tips="X轴坐标" type="number" default="" group="宽高及位置" />
		<prop name="y" tips="Y轴坐标" type="number" default="" group="宽高及位置" />
		<prop name="width" tips="宽度" type="number" default="" group="宽高及位置" />
		<prop name="height" tips="高度" type="number" default="" group="宽高及位置" />
		<prop name="autoPlay" tips="是否自动播放" type="bool" default="false" group="常用" />
		<prop name="alpha" tips="透明度" type="number" default="" />
		<prop name="mouseEnabled" tips="是否接收鼠标" type="bool" default="true" />
		<prop name="scaleX" tips="水平缩放，默认为1" type="number" default="" />
		<prop name="scaleY" tips="垂直缩放，默认为1" type="number" default="" />
		<prop name="visible" tips="是否显示，默认为true" type="bool" default="true" />
		<prop name="rotation" tips="旋转的角度" type="number" default="" />
	</Particle2D>
	<HTMLDivElement className="laya.editorUI.HtmlText" runClass="laya.html.dom.HTMLDivElement" defaultValue="innerHTML='htmlText' width='100' height='100'" resName="html" extension="html" icon="Label" groups="公用,常用,宽高及位置,旋转及缩放" drag="3">
		<prop name="innerHTML" tips="html内容" type="string" default="" group="常用" text="true" />
		<prop name="var" tips="声明一个唯一的名称，用来引用当前组件，方便在代码中调用此组件" type="string" default="" group="公用" />
		<prop name="name" tips="组件名称" type="string" default="" group="公用" />
		<prop name="x" tips="X轴坐标" type="number" default="" group="宽高及位置" />
		<prop name="y" tips="Y轴坐标" type="number" default="" group="宽高及位置" />
		<prop name="width" tips="宽度" type="number" default="" group="宽高及位置" />
		<prop name="height" tips="高度" type="number" default="" group="宽高及位置" />
		<prop name="alpha" tips="透明度" type="number" default="" />
		<prop name="mouseEnabled" tips="是否接收鼠标" type="bool" default="true" />
		<prop name="scaleX" tips="水平缩放，默认为1" type="number" default="" />
		<prop name="scaleY" tips="垂直缩放，默认为1" type="number" default="" />
		<prop name="visible" tips="是否显示，默认为true" type="bool" default="true" />
		<prop name="rotation" tips="旋转的角度" type="number" default="" />
	</HTMLDivElement>
	<MovieClip className="laya.editorUI.MovieClipPlayer" runClass="laya.ani.swf.MovieClip" skinLabel="url" icon="Swf" extension="swf" groups="公用,常用,宽高及位置,旋转及缩放" drag="3">
		<prop name="url" tips="swf文件" type="string" default="" group="公用" />
		<prop name="var" tips="声明一个唯一的名称，用来引用当前组件，方便在代码中调用此组件" type="string" default="" group="公用" />
		<prop name="name" tips="组件名称" type="string" default="" group="公用" />
		<prop name="x" tips="X轴坐标" type="number" default="" group="宽高及位置" />
		<prop name="y" tips="Y轴坐标" type="number" default="" group="宽高及位置" />
		<prop name="width" tips="宽度" type="number" default="" group="宽高及位置" />
		<prop name="height" tips="高度" type="number" default="" group="宽高及位置" />
		<prop name="alpha" tips="透明度" type="number" default="" />
		<prop name="mouseEnabled" tips="是否接收鼠标" type="bool" default="true" />
		<prop name="scaleX" tips="水平缩放，默认为1" type="number" default="" />
		<prop name="scaleY" tips="垂直缩放，默认为1" type="number" default="" />
		<prop name="visible" tips="是否显示，默认为true" type="bool" default="true" />
		<prop name="rotation" tips="旋转的角度" type="number" default="" />
	</MovieClip>
	<SkeletonPlayer className="laya.editorUI.SkeletonPlayer" runClass="laya.ani.bone.Skeleton" skinLabel="url" icon="Skeleton" extension="sk" groups="公用,常用,宽高及位置,旋转及缩放" drag="3">
		<prop name="url" tips="骨骼动画文件" type="string" default="" group="公用" />
		<prop name="var" tips="声明一个唯一的名称，用来引用当前组件，方便在代码中调用此组件" type="string" default="" group="公用" />
		<prop name="name" tips="组件名称" type="string" default="" group="公用" />
		<prop name="x" tips="X轴坐标" type="number" default="" group="宽高及位置" />
		<prop name="y" tips="Y轴坐标" type="number" default="" group="宽高及位置" />
		<prop name="width" tips="宽度" type="number" default="" group="宽高及位置" />
		<prop name="height" tips="高度" type="number" default="" group="宽高及位置" />
		<prop name="alpha" tips="透明度" type="number" default="" />
		<prop name="mouseEnabled" tips="是否接收鼠标" type="bool" default="true" />
		<prop name="scaleX" tips="水平缩放，默认为1" type="number" default="" />
		<prop name="scaleY" tips="垂直缩放，默认为1" type="number" default="" />
		<prop name="visible" tips="是否显示，默认为true" type="bool" default="true" />
		<prop name="rotation" tips="旋转的角度" type="number" default="" />
	</SkeletonPlayer>
	<Prefab className="laya.editorUI.SkeletonPlayer" runClass="laya.ani.bone.Skeleton" skinLabel="url" icon="Box" extension="prefab" groups="公用,常用,宽高及位置,旋转及缩放" drag="3" />
	<Props className="laya.editorUI.SkeletonPlayer" runClass="laya.ani.bone.Skeleton" skinLabel="url" icon="Box" extension="prop" groups="公用,常用,宽高及位置,旋转及缩放" drag="3" />
	<Particle className="laya.editorUI.Particle" icon="Panel" groups="常用,通用,尺寸设置,发射范围,重力模式参数,gravity,半径模式,开始弧度,结束弧度,minStartColor,maxStartColor,minEndColor,maxEndColor,positionVariance" drag="0">
		<prop name="textureName" tips="粒子贴图" type="stringdrag" default="" group="常用" />
		<prop name="textureCount" tips="贴图个数" type="number" default="#ffffff" group="常用" />
		<prop name="maxPartices" tips="最大粒子数" type="int" default="" group="常用" />
		<prop name="backColor" tips="参考背景颜色" type="color" default="#ffffff" group="常用" />
		<prop name="bg" tips="参考背景" type="stringdrag" default="" group="常用" />
		<prop name="duration" tips="单个粒子持续时间" type="sNumber" min="0" max="20" default="" group="通用" />
		<prop name="ageAddScale" tips="粒子生存时间随机比例" type="sNumber" min="0" max="10" default="" group="通用" />
		<prop name="emitterVelocitySensitivity" tips="速度敏感度" type="sNumber" min="0" max="100" default="" group="通用" />

		<prop name="positionVariance_0" nickname="x范围" tips="随机坐标x范围" type="string" default="" group="发射范围" />
		<prop name="positionVariance_1" nickname="y范围" tips="随机坐标y范围" type="string" default="" group="发射范围" />
		<prop name="positionVariance_2" nickname="z范围" tips="随机坐标z范围" type="string" default="" group="发射范围" />

		<prop name="minStartSize" tips="最小开始尺寸" type="sNumber" min="0" max="100" default="" group="尺寸设置" />
		<prop name="maxStartSize" tips="最大开始尺寸" type="sNumber" min="0" max="100" default="" group="尺寸设置" />
		<prop name="minEndSize" tips="最小结束尺寸" type="sNumber" min="0" max="100" default="" group="尺寸设置" />
		<prop name="maxEndSize" tips="最大结束尺寸" type="sNumber" min="0" max="100" default="" group="尺寸设置" />

		<prop name="minHorizontalVelocity" tips="最小水平速度" type="string" default="" group="重力模式参数" />
		<prop name="maxHorizontalVelocity" tips="最大水平速度" type="string" default="" group="重力模式参数" />
		<prop name="minVerticalVelocity" tips="最小垂直速度" type="string" default="" group="重力模式参数" />
		<prop name="maxVerticalVelocity" tips="最大垂直速度" type="string" default="" group="重力模式参数" />
		<prop name="endVelocity" tips="结束速度比例" type="string" default="" group="重力模式参数" />

		<prop name="gravity_0" nickname="重力x" tips="重力x" type="string" default="" group="gravity" />
		<prop name="gravity_1" nickname="重力y" tips="重力y" type="string" default="" group="gravity" />
		<prop name="gravity_2" nickname="重力z" tips="重力z" type="string" default="" group="gravity" />

		<prop name="colorComponentInter" tips="false代表RGBA整体插值，true代表RGBA逐分量插值" type="bool" default="true" />
		<prop name="disableColor" tips="false代表使用参数颜色数据，true代表使用原图颜色数据" type="bool" default="false" />
		<prop name="blendState" tips="混合模式" type="int" default="" />

		<prop name="minStartColor_3" nickname="apha" tips="透明度" type="sNumber" min="0" max="1" default="" group="minStartColor" />
		<prop name="minStartColor_0" nickname="red" tips="红色分量" type="sNumber" min="0" max="1" default="" group="minStartColor" />
		<prop name="minStartColor_1" nickname="green" tips="绿色分量" type="sNumber" min="0" max="1" default="" group="minStartColor" />
		<prop name="minStartColor_2" nickname="blue" tips="蓝色分量" type="sNumber" min="0" max="1" default="" group="minStartColor" />

		<prop name="maxStartColor_3" nickname="apha" tips="透明度" type="sNumber" min="0" max="1" default="" group="maxStartColor" />
		<prop name="maxStartColor_0" nickname="red" tips="红色分量" type="sNumber" min="0" max="1" default="" group="maxStartColor" />
		<prop name="maxStartColor_1" nickname="green" tips="绿色分量" type="sNumber" min="0" max="1" default="" group="maxStartColor" />
		<prop name="maxStartColor_2" nickname="blue" tips="蓝色分量" type="sNumber" min="0" max="1" default="" group="maxStartColor" />

		<prop name="minEndColor_3" nickname="apha" tips="透明度" type="sNumber" min="0" max="1" default="" group="minEndColor" />
		<prop name="minEndColor_0" nickname="red" tips="红色分量" type="sNumber" min="0" max="1" default="" group="minEndColor" />
		<prop name="minEndColor_1" nickname="green" tips="绿色分量" type="sNumber" min="0" max="1" default="" group="minEndColor" />
		<prop name="minEndColor_2" nickname="blue" tips="蓝色分量" type="sNumber" min="0" max="1" default="" group="minEndColor" />

		<prop name="maxEndColor_3" nickname="apha" tips="透明度" type="sNumber" min="0" max="1" default="" group="maxEndColor" />
		<prop name="maxEndColor_0" nickname="red" tips="红色分量" type="sNumber" min="0" max="1" default="" group="maxEndColor" />
		<prop name="maxEndColor_1" nickname="green" tips="绿色分量" type="sNumber" min="0" max="1" default="" group="maxEndColor" />
		<prop name="maxEndColor_2" nickname="blue" tips="蓝色分量" type="sNumber" min="0" max="1" default="" group="maxEndColor" />

		<prop name="minRotateSpeed" tips="最小旋转速度" type="string" default="" group="半径模式" />
		<prop name="maxRotateSpeed" tips="最大旋转速度" type="string" default="" group="半径模式" />

		<prop name="minStartRadius" tips="最小开始半径" type="sNumber" min="0" max="500" default="" group="半径模式" />
		<prop name="maxStartRadius" tips="最大开始半径" type="sNumber" min="0" max="500" default="" group="半径模式" />
		<prop name="minEndRadius" tips="最小结束半径" type="sNumber" min="0" max="500" default="" group="半径模式" />
		<prop name="maxEndRadius" tips="最大结束半径" type="sNumber" min="0" max="500" default="" group="半径模式" />


		<prop name="minHorizontalStartRadian" tips="最小水平开始弧度" type="sNumber" min="0" max="100" default="" group="开始弧度" />
		<prop name="maxHorizontalStartRadian" tips="最大水平开始弧度" type="sNumber" min="0" max="100" default="" group="开始弧度" />
		<prop name="minVerticalStartRadian" tips="最小垂直开始弧度" type="sNumber" min="0" max="100" default="" group="开始弧度" />
		<prop name="maxVerticalStartRadian" tips="最大垂直开始弧度" type="sNumber" min="0" max="100" default="" group="开始弧度" />

		<prop name="useEndRadian" tips="是否使用结束弧度,false为结束时与起始弧度保持一致" type="bool" default="false" group="结束弧度" />
		<prop name="minHorizontalEndRadian" tips="最小水平结束弧度" type="sNumber" min="0" max="100" default="" group="结束弧度" />
		<prop name="maxHorizontalEndRadian" tips="最大水平结束弧度" type="sNumber" min="0" max="100" default="" group="结束弧度" />
		<prop name="minVerticalEndRadian" tips="最小垂直结束弧度" type="sNumber" min="0" max="100" default="" group="结束弧度" />
		<prop name="maxVerticalEndRadian" tips="最大垂直结束弧度" type="sNumber" min="0" max="100" default="" group="结束弧度" />
	</Particle>
	<PolyEmitter className="laya.editorUI.Particle" icon="Panel" groups="常用,通用,加速度,缩放,旋转,透明度,角度" drag="0">
		<prop name="textureName" tips="粒子贴图" type="stringdrag" default="" group="常用" />
		<prop name="pointCount" tips="发射点数数" type="int" default="#ffffff" group="常用" />
		<prop name="backColor" tips="参考背景颜色" type="color" default="#ffffff" group="常用" />
		<prop name="bg" tips="参考背景" type="stringdrag" default="" group="常用" />

		<prop name="interval" tips="发射间隔" type="number" min="0" max="20" default="" group="通用" />
		<prop name="randInterval" tips="发射间隔随机值" type="number" min="0" max="10" default="" group="通用" />
		<prop name="time" tips="单个粒子生存时间" type="Number" min="0" max="100" default="" group="通用" />
		<prop name="speed" tips="粒子参考速度" type="Number" min="0" max="100" default="" group="通用" />
		<prop name="xScale" tips="发射形状x缩放" type="Number" min="0" max="100" default="" group="通用" />
		<prop name="yScale" tips="发射形状y缩放" type="Number" min="0" max="100" default="" group="通用" />
		<prop name="xCenter" tips="粒子大小缩放参考中心点x" type="Number" min="0" max="100" default="" group="通用" />
		<prop name="yCenter" tips="粒子大小缩放参考中心点y" type="Number" min="0" max="100" default="" group="通用" />
		<prop name="textureCenterX" tips="贴图中心点x" type="Number" min="0" max="100" default="" group="通用" />
		<prop name="textureCenterY" tips="贴图中心点y" type="Number" min="0" max="100" default="" group="通用" />
		<prop name="autoCenterTexture" tips="自动计算贴图中心点" type="bool" default="false" group="通用" />
		<prop name="posRateLen" tips="粒子大小缩放参考长度" type="Number" min="0" max="100" default="" group="通用" />

		<prop name="speedAcc_start" nickname="start" tips="起始值" type="string" default="" group="加速度" />
		<prop name="speedAcc_randStart" nickname="randStart" tips="起始值随机值" type="string" default="" group="加速度" />
		<prop name="speedAcc_end" nickname="end" tips="目标值" type="string" default="" group="加速度" />
		<prop name="speedAcc_randEnd" nickname="randEnd" tips="目标值随机值" type="string" default="" group="加速度" />

		<prop name="scale_start" nickname="start" tips="起始值" type="string" default="" group="缩放" />
		<prop name="scale_randStart" nickname="randStart" tips="起始值随机值" type="string" default="" group="缩放" />
		<prop name="scale_end" nickname="end" tips="目标值" type="string" default="" group="缩放" />
		<prop name="scale_randEnd" nickname="randEnd" tips="目标值随机值" type="string" default="" group="缩放" />

		<prop name="rotation_start" nickname="start" tips="起始值" type="string" default="" group="旋转" />
		<prop name="rotation_randStart" nickname="randStart" tips="起始值随机值" type="string" default="" group="旋转" />
		<prop name="rotation_end" nickname="end" tips="目标值" type="string" default="" group="旋转" />
		<prop name="rotation_randEnd" nickname="randEnd" tips="目标值随机值" type="string" default="" group="旋转" />

		<prop name="alpha_start" nickname="start" tips="起始值" type="string" default="" group="透明度" />
		<prop name="alpha_randStart" nickname="randStart" tips="起始值随机值" type="string" default="" group="透明度" />
		<prop name="alpha_end" nickname="end" tips="目标值" type="string" default="" group="透明度" />
		<prop name="alpha_randEnd" nickname="randEnd" tips="目标值随机值" type="string" default="" group="透明度" />

		<prop name="angle_start" nickname="start" tips="起始值" type="string" default="" group="角度" />
		<prop name="angle_randStart" nickname="randStart" tips="起始值随机值" type="string" default="" group="角度" />
		<prop name="angle_end" nickname="end" tips="目标值" type="string" default="" group="角度" />
		<prop name="angle_randEnd" nickname="randEnd" tips="目标值随机值" type="string" default="" group="角度" />
	</PolyEmitter>
</uiComp>
