{
  "version": "1.1.1",
  "windows": {
    "main": {
      "main": true,
      "url": "app://editor/index.html",
      "windowType": "dockable",
      "x": 0,
      "y": 0,
      "width": 1920,
      "height": 1047,
      "layout": {
        "children": [
          {
            "children": [
              {
                "children": [
                  {
                    "active": 0,
                    "children": [
                      "hierarchy"
                    ],
                    "height": 545.984375,
                    "type": "panel",
                    "width": 300
                  },
                  {
                    "active": 0,
                    "children": [
                      "assets"
                    ],
                    "height": 545.984375,
                    "type": "panel",
                    "width": 301
                  }
                ],
                "height": 545.984375,
                "type": "dock-h",
                "width": 604
              },
              {
                "active": 0,
                "children": [
                  "node-library"
                ],
                "height": 373,
                "type": "panel",
                "width": 604
              }
            ],
            "height": 922,
            "type": "dock-v",
            "width": 604
          },
          {
            "active": 0,
            "children": [
              "scene"
            ],
            "height": 922,
            "type": "panel",
            "width": 701
          },
          {
            "children": [
              {
                "active": 0,
                "children": [
                  "inspector",
                  "cocos-services"
                ],
                "height": 653,
                "type": "panel",
                "width": 593
              },
              {
                "active": 1,
                "children": [
                  "console",
                  "game-window"
                ],
                "height": 266,
                "type": "panel",
                "width": 593
              }
            ],
            "height": 922,
            "type": "dock-v",
            "width": 593
          }
        ],
        "type": "dock-h"
      },
      "panels": [
        "hierarchy",
        "assets",
        "node-library",
        "scene",
        "inspector",
        "cocos-services",
        "console",
        "game-window"
      ]
    },
    "worker": {},
    "window-1586277032989": {}
  },
  "panels": {
    "preferences": {
      "x": 476,
      "y": 128,
      "width": 604,
      "height": 568
    },
    "package-asset.export": {
      "x": 556,
      "y": 140,
      "width": 421,
      "height": 545
    },
    "timeline": {
      "x": 577,
      "y": 493,
      "width": 827,
      "height": 392
    },
    "builder": {
      "x": 555,
      "y": 39,
      "width": 672,
      "height": 740
    }
  },
  "panelLabelWidth": {
    "inspector": "55.3279%",
    "preferences": null,
    "builder": null
  },
  "panelLabelWidth.inspector": "55.3279%",
  "panelLabelWidth.preferences": null,
  "panelLabelWidth.builder": null
}
