94m²,290
88m²,280
103m²,280
89m²,295
94m²,230
80m²,146
85m²,290
83m²,215
95m²,245
89m²,298
130m²,299
92m²,290
87m²,280
87m²,290
91m²,280
94m²,175
87m²,285
94m²,220
86m²,285
90m²,195
92m²,285
82m²,289
92m²,290
94m²,285
91m²,230
85m²,290
94m²,230
82m²,295
86m²,285
96m²,188
92m²,285
87m²,280
104m²,218
88m²,295
94m²,230
94m²,285
84m²,205
53m²,105
88m²,320
87m²,250
94m²,290
88m²,255
130m²,275
120m²,275
156m²,280
86m²,299
342m²,700
89m²,235
135m²,290
91m²,245
87m²,280
88m²,286
89m²,298
135m²,290
62m²,108
48m²,295
92m²,296
122m²,175
86m²,233
87m²,265
88m²,280
103m²,280
89m²,295
94m²,230
80m²,146
85m²,290
83m²,215
95m²,245
130m²,299
87m²,280
87m²,290
91m²,280
94m²,175
87m²,285
94m²,220
90m²,195
82m²,289
92m²,290
91m²,230
85m²,290
82m²,295
86m²,285
96m²,188
92m²,285
87m²,280
104m²,218
88m²,295
94m²,230
94m²,285
84m²,205
53m²,105
88m²,320
87m²,250
88m²,255
130m²,275
156m²,280
342m²,700
89m²,235
91m²,245
87m²,280
88m²,286
89m²,298
62m²,108
48m²,295
92m²,296
122m²,175
86m²,233
87m²,265
94m²,290
89m²,298
86m²,285
92m²,285
94m²,230
120m²,275
86m²,299
92m²,290
94m²,285
135m²,290
94m²,290
135m²,290
88m²,280
103m²,280
89m²,295
80m²,146
85m²,290
83m²,215
95m²,245
89m²,298
130m²,299
87m²,280
87m²,290
91m²,280
94m²,175
87m²,285
94m²,220
86m²,285
90m²,195
92m²,285
82m²,289
92m²,290
91m²,230
85m²,290
94m²,230
82m²,295
96m²,188
92m²,285
87m²,280
104m²,218
88m²,295
94m²,230
84m²,205
53m²,105
88m²,320
87m²,250
94m²,290
88m²,255
120m²,275
156m²,280
342m²,700
89m²,235
91m²,245
87m²,280
88m²,286
62m²,108
48m²,295
122m²,175
86m²,233
87m²,265
94m²,290
94m²,230
92m²,290
86m²,285
130m²,275
135m²,290
89m²,298
94m²,285
86m²,299
92m²,296
94m²,285
135m²,290
88m²,283
81m²,288
87m²,258
53m²,298
56m²,270
91m²,246
99m²,220
85m²,295
90m²,280
90m²,280
49m²,380
88m²,290
63m²,290
89m²,115
81m²,450
93m²,260
67m²,280
93m²,460
74m²,295
87m²,370
84m²,620
73m²,180
96m²,460
91m²,470
87m²,899
98m²,400
96m²,480
86m²,470
87m²,475
86m²,480
88m²,205
86m²,172
92m²,400
123m²,750
53m²,430
102m²,298
60m²,629
76m²,395
96m²,995
65m²,650
96m²,205
52m²,135
79m²,420
64m²,372
101m²,430
57m²,140
74m²,570
53m²,210
73m²,698
51m²,90
60m²,430
104m²,700
194m²,1700
55m²,50
101m²,420
76m²,320
137m²,1150
119m²,580
67m²,599
60m²,220
88m²,280
103m²,280
89m²,295
94m²,230
80m²,146
130m²,299
87m²,290
91m²,280
94m²,175
87m²,285
94m²,220
90m²,195
92m²,285
82m²,289
92m²,290
91m²,230
85m²,290
82m²,295
86m²,285
96m²,188
92m²,285
87m²,280
104m²,218
88m²,295
94m²,230
94m²,285
84m²,205
53m²,105
88m²,320
87m²,250
88m²,255
130m²,275
156m²,280
342m²,700
89m²,235
91m²,245
88m²,286
89m²,298
62m²,108
48m²,295
122m²,175
86m²,233
87m²,265
64m²,170
94m²,230
90m²,200
83m²,215
80m²,160
80m²,146
94m²,290
89m²,298
92m²,290
86m²,285
120m²,275
86m²,299
94m²,285
135m²,290
92m²,290
94m²,290
135m²,290
88m²,280
103m²,280
89m²,295
94m²,230
80m²,146
85m²,290
83m²,215
95m²,245
130m²,299
87m²,280
87m²,290
91m²,280
94m²,175
87m²,285
94m²,220
90m²,195
82m²,289
92m²,290
91m²,230
82m²,295
86m²,285
96m²,188
92m²,285
87m²,280
104m²,218
88m²,295
94m²,230
84m²,205
53m²,105
88m²,320
87m²,250
94m²,290
88m²,255
120m²,275
156m²,280
342m²,700
89m²,235
135m²,290
91m²,245
87m²,280
88m²,286
89m²,298
62m²,108
48m²,295
92m²,296
122m²,175
86m²,233
87m²,265
89m²,298
92m²,290
86m²,285
94m²,230
94m²,285
130m²,275
135m²,290
94m²,290
92m²,285
86m²,299
94m²,285
85m²,290
88m²,280
103m²,280
89m²,295
80m²,146
85m²,290
83m²,215
95m²,245
130m²,299
92m²,290
87m²,280
87m²,290
91m²,280
94m²,175
87m²,285
94m²,220
86m²,285
90m²,195
82m²,289
92m²,290
91m²,230
94m²,230
82m²,295
96m²,188
92m²,285
87m²,280
104m²,218
88m²,295
94m²,230
84m²,205
53m²,105
88m²,320
87m²,250
94m²,290
88m²,255
130m²,275
156m²,280
342m²,700
89m²,235
91m²,245
87m²,280
88m²,286
89m²,298
135m²,290
62m²,108
48m²,295
122m²,175
86m²,233
87m²,265
94m²,230
89m²,298
92m²,285
85m²,290
86m²,285
94m²,285
120m²,275
94m²,285
135m²,290
92m²,296
94m²,290
86m²,299
94m²,290
88m²,280
103m²,280
89m²,295
94m²,230
80m²,146
85m²,290
83m²,215
95m²,245
89m²,298
130m²,299
92m²,290
87m²,280
87m²,290
91m²,280
94m²,175
87m²,285
94m²,220
86m²,285
90m²,195
92m²,285
82m²,289
92m²,290
94m²,285
91m²,230
85m²,290
94m²,230
82m²,295
86m²,285
96m²,188
92m²,285
87m²,280
104m²,218
88m²,295
94m²,230
94m²,285
84m²,205
53m²,105
88m²,320
87m²,250
94m²,290
88m²,255
130m²,275
120m²,275
156m²,280
86m²,299
342m²,700
89m²,235
135m²,290
91m²,245
87m²,280
88m²,286
89m²,298
135m²,290
62m²,108
48m²,295
92m²,296
122m²,175
86m²,233
87m²,265
94m²,290
88m²,280
103m²,280
89m²,295
94m²,230
80m²,146
85m²,290
83m²,215
95m²,245
89m²,298
130m²,299
92m²,290
87m²,280
87m²,290
91m²,280
94m²,175
87m²,285
94m²,220
86m²,285
90m²,195
92m²,285
82m²,289
92m²,290
94m²,285
91m²,230
85m²,290
94m²,230
82m²,295
86m²,285
96m²,188
92m²,285
87m²,280
104m²,218
88m²,295
94m²,230
94m²,285
84m²,205
53m²,105
88m²,320
87m²,250
94m²,290
88m²,255
130m²,275
120m²,275
156m²,280
86m²,299
342m²,700
89m²,235
135m²,290
91m²,245
87m²,280
88m²,286
89m²,298
135m²,290
62m²,108
48m²,295
92m²,296
122m²,175
86m²,233
87m²,265
