{
  "textStyle": {
    "fill": "#000",
    "fontFamily": "Droid Sans"
  },
  "thumbSkin": true,
  "hoverSkin": true,
  "themeScale": 2.0,
  "grids": {
    "horizontal-scroll-bar-thumb": [
  	  "3",
  	  "1",
  	  "46",
  	  "8"
  	],
  	"vertical-scroll-bar-thumb": [
  	  "4",
  	  "6",
  	  "8",
  	  "45"
  	]
  },
  "skins": {
    "button": {
      "minWidth": 100,
      "minHeight": 30,
      "up": {
        "type": "texture",
        "texture": "button-up-skin0000",
        "scale9": "BUTTON_SCALE_9_GRID"
      },
      "down": {
        "type": "texture",
        "texture": "button-down-skin0000",
        "scale9": "BUTTON_SCALE_9_GRID"
      },
      "hover": {
        "type": "texture",
        "texture": "button-hover-skin0000",
        "scale9": "BUTTON_SCALE_9_GRID"
      }
    },
    "toggle_button": {
      "up": {
        "type": "texture",
        "texture": "button-up-skin0000",
        "scale9": "BUTTON_SCALE_9_GRID"
      },
      "down": {
        "type": "texture",
        "texture": "button-down-skin0000",
        "scale9": "BUTTON_SCALE_9_GRID"
      },
      "hover": {
        "type": "texture",
        "texture": "button-hover-skin0000",
        "scale9": "BUTTON_SCALE_9_GRID"
      },

      "selected_up": {
        "type": "texture",
        "texture": "toggle-button-selected-up-skin0000",
        "scale9": "BUTTON_SCALE_9_GRID"
      },
      "selected_down": {
        "type": "texture",
        "texture": "toggle-button-selected-down-skin0000",
        "scale9": "BUTTON_SCALE_9_GRID"
      },
      "selected_hover": {
        "type": "texture",
        "texture": "toggle-button-selected-hover-skin0000",
        "scale9": "BUTTON_SCALE_9_GRID"
      }
    },
    "check": {
      "up": {
        "type": "texture",
        "texture": "check-up-icon0000"
      },
      "down": {
        "type": "texture",
        "texture": "check-down-icon0000"
      },
      "hover": {
        "type": "texture",
        "texture": "check-hover-icon0000"
      },

      "selected_up": {
        "type": "texture",
        "texture": "check-selected-up-icon0000"
      },
      "selected_down": {
        "type": "texture",
        "texture": "check-selected-down-icon0000"
      },
      "selected_hover": {
        "type": "texture",
        "texture": "check-selected-hover-icon0000"
      }
  	},
    "radio": {
      "up": {
        "type": "texture",
        "texture": "radio-up-icon0000"
      },
      "down": {
        "type": "texture",
        "texture": "radio-down-icon0000"
      },
      "hover": {
        "type": "texture",
        "texture": "radio-hover-icon0000"
      },

      "selected_up": {
        "type": "texture",
        "texture": "radio-selected-up-icon0000"
      },
      "selected_down": {
        "type": "texture",
        "texture": "radio-selected-down-icon0000"
      },
      "selected_hover": {
        "type": "texture",
        "texture": "radio-selected-hover-icon0000"
      }
    },
    "picker_list": {
      "icon_up": {
        "type": "texture",
        "texture": "picker-list-up-icon0000"
      },
      "icon_down": {
        "type": "texture",
        "texture": "picker-list-down-icon0000"
      },
      "icon_hover": {
        "type": "texture",
        "texture": "picker-list-hover-icon0000"
      }
    },
  	"scroll_bar": {
  	  "horizontal_track": {
  	    "type": "texture",
  	    "texture": "horizontal-slider-track-enabled-skin0000",
  		"scale9": "HORIZONTAL_SLIDER_TRACK_SCALE_9_GRID"
  	  },
  	  "vertical_track": {
  	    "type": "texture",
  		"texture": "vertical-slider-track-enabled-skin0000",
  		"scale9": "VERTICAL_SLIDER_TRACK_SCALE_9_GRID"
  	  }
  	},
  	"scroll_thumb": {
  	  "horizontal_up": {
  	    "texture": "horizontal-scroll-bar-thumb-up-skin0000",
  		  "type": "texture",
  		  "middleWidth": 2,
  		  "scale9": "horizontal-scroll-bar-thumb"
  	  },
  	  "horizontal_hover": {
  	    "texture": "horizontal-scroll-bar-thumb-hover-skin0000",
  		  "type": "texture",
  		  "middleWidth": 2,
  		  "scale9": "horizontal-scroll-bar-thumb"
  	  },
  	  "horizontal_down": {
  	    "texture": "horizontal-scroll-bar-thumb-down-skin0000",
  		  "type": "texture",
  	    "middleWidth": 2,
  		  "scale9": "horizontal-scroll-bar-thumb"
  	  },
  	  "vertical_up": {
  	    "texture": "vertical-scroll-bar-thumb-up-skin0000",
  		  "type": "texture",
  		  "centerHeight": 2,
  		  "scale9": "vertical-scroll-bar-thumb"
  	  },
  	  "vertical_hover": {
  	    "texture": "vertical-scroll-bar-thumb-hover-skin0000",
  		  "type": "texture",
  		  "centerHeight": 2,
  		  "scale9": "vertical-scroll-bar-thumb"
  	  },
  	  "vertical_down": {
  	    "texture": "vertical-scroll-bar-thumb-down-skin0000",
  		  "type": "texture",
  		  "centerHeight": 2,
  		  "scale9": "vertical-scroll-bar-thumb"
  	  }
    },
    "text_input": {
      "up": {
        "type": "texture",
        "texture": "text-input-background-enabled-skin0000",
        "scale9": "TEXT_INPUT_SCALE_9_GRID"
      },
      "down": {
        "type": "texture",
        "texture": "text-input-background-enabled-skin0000",
        "scale9": "TEXT_INPUT_SCALE_9_GRID"
      },
      "hover": {
        "type": "texture",
        "texture": "text-input-background-enabled-skin0000",
        "scale9": "TEXT_INPUT_SCALE_9_GRID"
      },
      "disabled": {
        "type": "texture",
        "texture": "text-input-background-disabled-skin0000",
        "scale9": "TEXT_INPUT_SCALE_9_GRID"
      },
      "error": {
        "type": "texture",
        "texture": "text-input-background-error-skin0000",
        "scale9": "TEXT_INPUT_SCALE_9_GRID"
      }
    }
  }
}
