{
  "frames": {
    "back-button-disabled-skin0000": {
      "frame": {
        "h": 56, 
        "w": 37, 
        "x": 196, 
        "y": 267
      }, 
      "rotated": false, 
      "sourceSize": {
        "h": 56, 
        "w": 37
      }, 
      "spriteSourceSize": {
        "h": 56, 
        "w": 37, 
        "x": 0, 
        "y": 0
      }, 
      "trimmed": false
    }, 
    "back-button-down-skin0000": {
      "frame": {
        "h": 56, 
        "w": 37, 
        "x": 196, 
        "y": 324
      }, 
      "rotated": false, 
      "sourceSize": {
        "h": 56, 
        "w": 37
      }, 
      "spriteSourceSize": {
        "h": 56, 
        "w": 37, 
        "x": 0, 
        "y": 0
      }, 
      "trimmed": false
    }, 
    "back-button-up-skin0000": {
      "frame": {
        "h": 56, 
        "w": 37, 
        "x": 424, 
        "y": 330
      }, 
      "rotated": false, 
      "sourceSize": {
        "h": 56, 
        "w": 37
      }, 
      "spriteSourceSize": {
        "h": 56, 
        "w": 37, 
        "x": 0, 
        "y": 0
      }, 
      "trimmed": false
    }, 
    "background-danger-border-skin0000": {
      "frame": {
        "h": 10, 
        "w": 10, 
        "x": 165, 
        "y": 412
      }, 
      "rotated": false, 
      "sourceSize": {
        "h": 10, 
        "w": 10
      }, 
      "spriteSourceSize": {
        "h": 10, 
        "w": 10, 
        "x": 0, 
        "y": 0
      }, 
      "trimmed": false
    }, 
    "background-dark-border-skin0000": {
      "frame": {
        "h": 10, 
        "w": 10, 
        "x": 500, 
        "y": 357
      }, 
      "rotated": false, 
      "sourceSize": {
        "h": 10, 
        "w": 10
      }, 
      "spriteSourceSize": {
        "h": 10, 
        "w": 10, 
        "x": 0, 
        "y": 0
      }, 
      "trimmed": false
    }, 
    "background-disabled-skin0000": {
      "frame": {
        "h": 18, 
        "w": 18, 
        "x": 403, 
        "y": 465
      }, 
      "rotated": false, 
      "sourceSize": {
        "h": 18, 
        "w": 18
      }, 
      "spriteSourceSize": {
        "h": 18, 
        "w": 18, 
        "x": 0, 
        "y": 0
      }, 
      "trimmed": false
    }, 
    "background-focused-skin0000": {
      "frame": {
        "h": 18, 
        "w": 18, 
        "x": 251, 
        "y": 472
      }, 
      "rotated": false, 
      "sourceSize": {
        "h": 18, 
        "w": 18
      }, 
      "spriteSourceSize": {
        "h": 18, 
        "w": 18, 
        "x": 0, 
        "y": 0
      }, 
      "trimmed": false
    }, 
    "background-inset-danger-skin0000": {
      "frame": {
        "h": 18, 
        "w": 18, 
        "x": 289, 
        "y": 475
      }, 
      "rotated": false, 
      "sourceSize": {
        "h": 18, 
        "w": 18
      }, 
      "spriteSourceSize": {
        "h": 18, 
        "w": 18, 
        "x": 0, 
        "y": 0
      }, 
      "trimmed": false
    }, 
    "background-inset-disabled-skin0000": {
      "frame": {
        "h": 18, 
        "w": 18, 
        "x": 115, 
        "y": 475
      }, 
      "rotated": false, 
      "sourceSize": {
        "h": 18, 
        "w": 18
      }, 
      "spriteSourceSize": {
        "h": 18, 
        "w": 18, 
        "x": 0, 
        "y": 0
      }, 
      "trimmed": false
    }, 
    "background-inset-skin0000": {
      "frame": {
        "h": 18, 
        "w": 18, 
        "x": 134, 
        "y": 475
      }, 
      "rotated": false, 
      "sourceSize": {
        "h": 18, 
        "w": 18
      }, 
      "spriteSourceSize": {
        "h": 18, 
        "w": 18, 
        "x": 0, 
        "y": 0
      }, 
      "trimmed": false
    }, 
    "background-light-border-skin0000": {
      "frame": {
        "h": 10, 
        "w": 10, 
        "x": 500, 
        "y": 368
      }, 
      "rotated": false, 
      "sourceSize": {
        "h": 10, 
        "w": 10
      }, 
      "spriteSourceSize": {
        "h": 10, 
        "w": 10, 
        "x": 0, 
        "y": 0
      }, 
      "trimmed": false
    }, 
    "background-skin0000": {
      "frame": {
        "h": 18, 
        "w": 18, 
        "x": 270, 
        "y": 475
      }, 
      "rotated": false, 
      "sourceSize": {
        "h": 18, 
        "w": 18
      }, 
      "spriteSourceSize": {
        "h": 18, 
        "w": 18, 
        "x": 0, 
        "y": 0
      }, 
      "trimmed": false
    }, 
    "button-disabled-skin0000": {
      "frame": {
        "h": 56, 
        "w": 18, 
        "x": 206, 
        "y": 426
      }, 
      "rotated": false, 
      "sourceSize": {
        "h": 56, 
        "w": 18
      }, 
      "spriteSourceSize": {
        "h": 56, 
        "w": 18, 
        "x": 0, 
        "y": 0
      }, 
      "trimmed": false
    }, 
    "button-down-skin0000": {
      "frame": {
        "h": 56, 
        "w": 18, 
        "x": 424, 
        "y": 432
      }, 
      "rotated": false, 
      "sourceSize": {
        "h": 56, 
        "w": 18
      }, 
      "spriteSourceSize": {
        "h": 56, 
        "w": 18, 
        "x": 0, 
        "y": 0
      }, 
      "trimmed": false
    }, 
    "button-up-skin0000": {
      "frame": {
        "h": 56, 
        "w": 18, 
        "x": 67, 
        "y": 443
      }, 
      "rotated": false, 
      "sourceSize": {
        "h": 56, 
        "w": 18
      }, 
      "spriteSourceSize": {
        "h": 56, 
        "w": 18, 
        "x": 0, 
        "y": 0
      }, 
      "trimmed": false
    }, 
    "call-to-action-button-down-skin0000": {
      "frame": {
        "h": 56, 
        "w": 18, 
        "x": 478, 
        "y": 445
      }, 
      "rotated": false, 
      "sourceSize": {
        "h": 56, 
        "w": 18
      }, 
      "spriteSourceSize": {
        "h": 56, 
        "w": 18, 
        "x": 0, 
        "y": 0
      }, 
      "trimmed": false
    }, 
    "call-to-action-button-up-skin0000": {
      "frame": {
        "h": 56, 
        "w": 18, 
        "x": 163, 
        "y": 453
      }, 
      "rotated": false, 
      "sourceSize": {
        "h": 56, 
        "w": 18
      }, 
      "spriteSourceSize": {
        "h": 56, 
        "w": 18, 
        "x": 0, 
        "y": 0
      }, 
      "trimmed": false
    }, 
    "callout-arrow-bottom-skin0000": {
      "frame": {
        "h": 26, 
        "w": 40, 
        "x": 97, 
        "y": 401
      }, 
      "rotated": false, 
      "sourceSize": {
        "h": 26, 
        "w": 40
      }, 
      "spriteSourceSize": {
        "h": 26, 
        "w": 40, 
        "x": 0, 
        "y": 0
      }, 
      "trimmed": false
    }, 
    "callout-arrow-left-skin0000": {
      "frame": {
        "h": 40, 
        "w": 26, 
        "x": 138, 
        "y": 401
      }, 
      "rotated": false, 
      "sourceSize": {
        "h": 40, 
        "w": 26
      }, 
      "spriteSourceSize": {
        "h": 40, 
        "w": 26, 
        "x": 0, 
        "y": 0
      }, 
      "trimmed": false
    }, 
    "callout-arrow-right-skin0000": {
      "frame": {
        "h": 40, 
        "w": 26, 
        "x": 226, 
        "y": 412
      }, 
      "rotated": false, 
      "sourceSize": {
        "h": 40, 
        "w": 26
      }, 
      "spriteSourceSize": {
        "h": 40, 
        "w": 26, 
        "x": 0, 
        "y": 0
      }, 
      "trimmed": false
    }, 
    "callout-arrow-top-skin0000": {
      "frame": {
        "h": 26, 
        "w": 40, 
        "x": 253, 
        "y": 412
      }, 
      "rotated": false, 
      "sourceSize": {
        "h": 26, 
        "w": 40
      }, 
      "spriteSourceSize": {
        "h": 26, 
        "w": 40, 
        "x": 0, 
        "y": 0
      }, 
      "trimmed": false
    }, 
    "check-disabled-icon0000": {
      "frame": {
        "h": 32, 
        "w": 32, 
        "x": 358, 
        "y": 427
      }, 
      "rotated": false, 
      "sourceSize": {
        "h": 32, 
        "w": 32
      }, 
      "spriteSourceSize": {
        "h": 32, 
        "w": 32, 
        "x": 0, 
        "y": 0
      }, 
      "trimmed": false
    }, 
    "check-down-icon0000": {
      "frame": {
        "h": 32, 
        "w": 32, 
        "x": 97, 
        "y": 428
      }, 
      "rotated": false, 
      "sourceSize": {
        "h": 32, 
        "w": 32
      }, 
      "spriteSourceSize": {
        "h": 32, 
        "w": 32, 
        "x": 0, 
        "y": 0
      }, 
      "trimmed": false
    }, 
    "check-selected-disabled-icon0000": {
      "frame": {
        "h": 32, 
        "w": 32, 
        "x": 445, 
        "y": 429
      }, 
      "rotated": false, 
      "sourceSize": {
        "h": 32, 
        "w": 32
      }, 
      "spriteSourceSize": {
        "h": 32, 
        "w": 32, 
        "x": 0, 
        "y": 0
      }, 
      "trimmed": false
    }, 
    "check-selected-down-icon0000": {
      "frame": {
        "h": 32, 
        "w": 32, 
        "x": 391, 
        "y": 432
      }, 
      "rotated": false, 
      "sourceSize": {
        "h": 32, 
        "w": 32
      }, 
      "spriteSourceSize": {
        "h": 32, 
        "w": 32, 
        "x": 0, 
        "y": 0
      }, 
      "trimmed": false
    }, 
    "check-selected-up-icon0000": {
      "frame": {
        "h": 32, 
        "w": 32, 
        "x": 253, 
        "y": 439
      }, 
      "rotated": false, 
      "sourceSize": {
        "h": 32, 
        "w": 32
      }, 
      "spriteSourceSize": {
        "h": 32, 
        "w": 32, 
        "x": 0, 
        "y": 0
      }, 
      "trimmed": false
    }, 
    "check-up-icon0000": {
      "frame": {
        "h": 32, 
        "w": 32, 
        "x": 130, 
        "y": 442
      }, 
      "rotated": false, 
      "sourceSize": {
        "h": 32, 
        "w": 32
      }, 
      "spriteSourceSize": {
        "h": 32, 
        "w": 32, 
        "x": 0, 
        "y": 0
      }, 
      "trimmed": false
    }, 
    "danger-button-down-skin0000": {
      "frame": {
        "h": 56, 
        "w": 18, 
        "x": 182, 
        "y": 453
      }, 
      "rotated": false, 
      "sourceSize": {
        "h": 56, 
        "w": 18
      }, 
      "spriteSourceSize": {
        "h": 56, 
        "w": 18, 
        "x": 0, 
        "y": 0
      }, 
      "trimmed": false
    }, 
    "danger-button-up-skin0000": {
      "frame": {
        "h": 57, 
        "w": 18, 
        "x": 493, 
        "y": 387
      }, 
      "rotated": false, 
      "sourceSize": {
        "h": 57, 
        "w": 18
      }, 
      "spriteSourceSize": {
        "h": 57, 
        "w": 18, 
        "x": 0, 
        "y": 0
      }, 
      "trimmed": false
    }, 
    "danger-callout-arrow-bottom-skin0000": {
      "frame": {
        "h": 26, 
        "w": 40, 
        "x": 165, 
        "y": 426
      }, 
      "rotated": false, 
      "sourceSize": {
        "h": 26, 
        "w": 40
      }, 
      "spriteSourceSize": {
        "h": 26, 
        "w": 40, 
        "x": 0, 
        "y": 0
      }, 
      "trimmed": false
    }, 
    "danger-callout-arrow-left-skin0000": {
      "frame": {
        "h": 40, 
        "w": 26, 
        "x": 234, 
        "y": 267
      }, 
      "rotated": false, 
      "sourceSize": {
        "h": 40, 
        "w": 26
      }, 
      "spriteSourceSize": {
        "h": 40, 
        "w": 26, 
        "x": 0, 
        "y": 0
      }, 
      "trimmed": false
    }, 
    "danger-callout-arrow-right-skin0000": {
      "frame": {
        "h": 40, 
        "w": 26, 
        "x": 234, 
        "y": 308
      }, 
      "rotated": false, 
      "sourceSize": {
        "h": 40, 
        "w": 26
      }, 
      "spriteSourceSize": {
        "h": 40, 
        "w": 26, 
        "x": 0, 
        "y": 0
      }, 
      "trimmed": false
    }, 
    "danger-callout-arrow-top-skin0000": {
      "frame": {
        "h": 26, 
        "w": 40, 
        "x": 358, 
        "y": 400
      }, 
      "rotated": false, 
      "sourceSize": {
        "h": 26, 
        "w": 40
      }, 
      "spriteSourceSize": {
        "h": 26, 
        "w": 40, 
        "x": 0, 
        "y": 0
      }, 
      "trimmed": false
    }, 
    "first-inset-item-renderer-selected-up-skin0000": {
      "frame": {
        "h": 88, 
        "w": 30, 
        "x": 475, 
        "y": 1
      }, 
      "rotated": false, 
      "sourceSize": {
        "h": 88, 
        "w": 30
      }, 
      "spriteSourceSize": {
        "h": 88, 
        "w": 30, 
        "x": 0, 
        "y": 0
      }, 
      "trimmed": false
    }, 
    "first-inset-item-renderer-up-skin0000": {
      "frame": {
        "h": 88, 
        "w": 30, 
        "x": 475, 
        "y": 90
      }, 
      "rotated": false, 
      "sourceSize": {
        "h": 88, 
        "w": 30
      }, 
      "spriteSourceSize": {
        "h": 88, 
        "w": 30, 
        "x": 0, 
        "y": 0
      }, 
      "trimmed": false
    }, 
    "forward-button-disabled-skin0000": {
      "frame": {
        "h": 56, 
        "w": 37, 
        "x": 462, 
        "y": 330
      }, 
      "rotated": false, 
      "sourceSize": {
        "h": 56, 
        "w": 37
      }, 
      "spriteSourceSize": {
        "h": 56, 
        "w": 37, 
        "x": 0, 
        "y": 0
      }, 
      "trimmed": false
    }, 
    "forward-button-down-skin0000": {
      "frame": {
        "h": 56, 
        "w": 37, 
        "x": 234, 
        "y": 355
      }, 
      "rotated": false, 
      "sourceSize": {
        "h": 56, 
        "w": 37
      }, 
      "spriteSourceSize": {
        "h": 56, 
        "w": 37, 
        "x": 0, 
        "y": 0
      }, 
      "trimmed": false
    }, 
    "forward-button-up-skin0000": {
      "frame": {
        "h": 56, 
        "w": 37, 
        "x": 272, 
        "y": 355
      }, 
      "rotated": false, 
      "sourceSize": {
        "h": 56, 
        "w": 37
      }, 
      "spriteSourceSize": {
        "h": 56, 
        "w": 37, 
        "x": 0, 
        "y": 0
      }, 
      "trimmed": false
    }, 
    "full-screen-toggle-button-enter-down-icon0000": {
      "frame": {
        "h": 44, 
        "w": 44, 
        "x": 310, 
        "y": 355
      }, 
      "rotated": false, 
      "sourceSize": {
        "h": 44, 
        "w": 44
      }, 
      "spriteSourceSize": {
        "h": 44, 
        "w": 44, 
        "x": 0, 
        "y": 0
      }, 
      "trimmed": false
    }, 
    "full-screen-toggle-button-enter-up-icon0000": {
      "frame": {
        "h": 44, 
        "w": 44, 
        "x": 355, 
        "y": 355
      }, 
      "rotated": false, 
      "sourceSize": {
        "h": 44, 
        "w": 44
      }, 
      "spriteSourceSize": {
        "h": 44, 
        "w": 44, 
        "x": 0, 
        "y": 0
      }, 
      "trimmed": false
    }, 
    "full-screen-toggle-button-exit-down-icon0000": {
      "frame": {
        "h": 44, 
        "w": 44, 
        "x": 1, 
        "y": 356
      }, 
      "rotated": false, 
      "sourceSize": {
        "h": 44, 
        "w": 44
      }, 
      "spriteSourceSize": {
        "h": 44, 
        "w": 44, 
        "x": 0, 
        "y": 0
      }, 
      "trimmed": false
    }, 
    "full-screen-toggle-button-exit-up-icon0000": {
      "frame": {
        "h": 44, 
        "w": 44, 
        "x": 46, 
        "y": 356
      }, 
      "rotated": false, 
      "sourceSize": {
        "h": 44, 
        "w": 44
      }, 
      "spriteSourceSize": {
        "h": 44, 
        "w": 44, 
        "x": 0, 
        "y": 0
      }, 
      "trimmed": false
    }, 
    "grouped-list-header-background-skin0000": {
      "frame": {
        "h": 10, 
        "w": 10, 
        "x": 165, 
        "y": 401
      }, 
      "rotated": false, 
      "sourceSize": {
        "h": 10, 
        "w": 10
      }, 
      "spriteSourceSize": {
        "h": 10, 
        "w": 10, 
        "x": 0, 
        "y": 0
      }, 
      "trimmed": false
    }, 
    "header-background-skin0000": {
      "frame": {
        "h": 132, 
        "w": 260, 
        "x": 1, 
        "y": 1
      }, 
      "rotated": false, 
      "sourceSize": {
        "h": 132, 
        "w": 260
      }, 
      "spriteSourceSize": {
        "h": 132, 
        "w": 260, 
        "x": 0, 
        "y": 0
      }, 
      "trimmed": false
    }, 
    "header-popup-background-skin0000": {
      "frame": {
        "h": 132, 
        "w": 260, 
        "x": 1, 
        "y": 134
      }, 
      "rotated": false, 
      "sourceSize": {
        "h": 132, 
        "w": 260
      }, 
      "spriteSourceSize": {
        "h": 132, 
        "w": 260, 
        "x": 0, 
        "y": 0
      }, 
      "trimmed": false
    }, 
    "horizontal-scroll-bar-decrement-button-disabled-icon0000": {
      "frame": {
        "h": 8, 
        "w": 6, 
        "x": 226, 
        "y": 381
      }, 
      "rotated": false, 
      "sourceSize": {
        "h": 8, 
        "w": 6
      }, 
      "spriteSourceSize": {
        "h": 8, 
        "w": 6, 
        "x": 0, 
        "y": 0
      }, 
      "trimmed": false
    }, 
    "horizontal-scroll-bar-decrement-button-icon0000": {
      "frame": {
        "h": 8, 
        "w": 6, 
        "x": 226, 
        "y": 390
      }, 
      "rotated": false, 
      "sourceSize": {
        "h": 8, 
        "w": 6
      }, 
      "spriteSourceSize": {
        "h": 8, 
        "w": 6, 
        "x": 0, 
        "y": 0
      }, 
      "trimmed": false
    }, 
    "horizontal-scroll-bar-increment-button-disabled-icon0000": {
      "frame": {
        "h": 8, 
        "w": 6, 
        "x": 226, 
        "y": 399
      }, 
      "rotated": false, 
      "sourceSize": {
        "h": 8, 
        "w": 6
      }, 
      "spriteSourceSize": {
        "h": 8, 
        "w": 6, 
        "x": 0, 
        "y": 0
      }, 
      "trimmed": false
    }, 
    "horizontal-scroll-bar-increment-button-icon0000": {
      "frame": {
        "h": 8, 
        "w": 6, 
        "x": 294, 
        "y": 412
      }, 
      "rotated": false, 
      "sourceSize": {
        "h": 8, 
        "w": 6
      }, 
      "spriteSourceSize": {
        "h": 8, 
        "w": 6, 
        "x": 0, 
        "y": 0
      }, 
      "trimmed": false
    }, 
    "horizontal-simple-scroll-bar-thumb-skin0000": {
      "frame": {
        "h": 10, 
        "w": 24, 
        "x": 308, 
        "y": 492
      }, 
      "rotated": false, 
      "sourceSize": {
        "h": 10, 
        "w": 24
      }, 
      "spriteSourceSize": {
        "h": 10, 
        "w": 24, 
        "x": 0, 
        "y": 0
      }, 
      "trimmed": false
    }, 
    "inset-item-renderer-selected-up-skin0000": {
      "frame": {
        "h": 88, 
        "w": 10, 
        "x": 86, 
        "y": 443
      }, 
      "rotated": false, 
      "sourceSize": {
        "h": 88, 
        "w": 10
      }, 
      "spriteSourceSize": {
        "h": 88, 
        "w": 10, 
        "x": 0, 
        "y": 0
      }, 
      "trimmed": false
    }, 
    "inset-item-renderer-up-skin0000": {
      "frame": {
        "h": 88, 
        "w": 10, 
        "x": 497, 
        "y": 445
      }, 
      "rotated": false, 
      "sourceSize": {
        "h": 88, 
        "w": 10
      }, 
      "spriteSourceSize": {
        "h": 88, 
        "w": 10, 
        "x": 0, 
        "y": 0
      }, 
      "trimmed": false
    }, 
    "item-renderer-drill-down-accessory-icon0000": {
      "frame": {
        "h": 25, 
        "w": 17, 
        "x": 400, 
        "y": 355
      }, 
      "rotated": false, 
      "sourceSize": {
        "h": 25, 
        "w": 17
      }, 
      "spriteSourceSize": {
        "h": 25, 
        "w": 17, 
        "x": 0, 
        "y": 0
      }, 
      "trimmed": false
    }, 
    "item-renderer-drill-down-accessory-selected-icon0000": {
      "frame": {
        "h": 25, 
        "w": 17, 
        "x": 97, 
        "y": 461
      }, 
      "rotated": false, 
      "sourceSize": {
        "h": 25, 
        "w": 17
      }, 
      "spriteSourceSize": {
        "h": 25, 
        "w": 17, 
        "x": 0, 
        "y": 0
      }, 
      "trimmed": false
    }, 
    "item-renderer-selected-up-skin0000": {
      "frame": {
        "h": 88, 
        "w": 6, 
        "x": 505, 
        "y": 268
      }, 
      "rotated": false, 
      "sourceSize": {
        "h": 88, 
        "w": 6
      }, 
      "spriteSourceSize": {
        "h": 88, 
        "w": 6, 
        "x": 0, 
        "y": 0
      }, 
      "trimmed": false
    }, 
    "item-renderer-up-skin0000": {
      "frame": {
        "h": 88, 
        "w": 6, 
        "x": 244, 
        "y": 453
      }, 
      "rotated": false, 
      "sourceSize": {
        "h": 88, 
        "w": 6
      }, 
      "spriteSourceSize": {
        "h": 88, 
        "w": 6, 
        "x": 0, 
        "y": 0
      }, 
      "trimmed": false
    }, 
    "last-inset-item-renderer-selected-up-skin0000": {
      "frame": {
        "h": 88, 
        "w": 30, 
        "x": 475, 
        "y": 179
      }, 
      "rotated": false, 
      "sourceSize": {
        "h": 88, 
        "w": 30
      }, 
      "spriteSourceSize": {
        "h": 88, 
        "w": 30, 
        "x": 0, 
        "y": 0
      }, 
      "trimmed": false
    }, 
    "last-inset-item-renderer-up-skin0000": {
      "frame": {
        "h": 88, 
        "w": 30, 
        "x": 103, 
        "y": 267
      }, 
      "rotated": false, 
      "sourceSize": {
        "h": 88, 
        "w": 30
      }, 
      "spriteSourceSize": {
        "h": 88, 
        "w": 30, 
        "x": 0, 
        "y": 0
      }, 
      "trimmed": false
    }, 
    "list-background-skin0000": {
      "frame": {
        "h": 16, 
        "w": 16, 
        "x": 325, 
        "y": 475
      }, 
      "rotated": false, 
      "sourceSize": {
        "h": 16, 
        "w": 16
      }, 
      "spriteSourceSize": {
        "h": 16, 
        "w": 16, 
        "x": 0, 
        "y": 0
      }, 
      "trimmed": false
    }, 
    "mute-toggle-button-loud-down-icon0000": {
      "frame": {
        "h": 41, 
        "w": 47, 
        "x": 445, 
        "y": 387
      }, 
      "rotated": false, 
      "sourceSize": {
        "h": 41, 
        "w": 47
      }, 
      "spriteSourceSize": {
        "h": 41, 
        "w": 47, 
        "x": 0, 
        "y": 0
      }, 
      "trimmed": false
    }, 
    "mute-toggle-button-loud-up-icon0000": {
      "frame": {
        "h": 41, 
        "w": 47, 
        "x": 310, 
        "y": 400
      }, 
      "rotated": false, 
      "sourceSize": {
        "h": 41, 
        "w": 47
      }, 
      "spriteSourceSize": {
        "h": 41, 
        "w": 47, 
        "x": 0, 
        "y": 0
      }, 
      "trimmed": false
    }, 
    "mute-toggle-button-muted-down-icon0000": {
      "frame": {
        "h": 41, 
        "w": 47, 
        "x": 1, 
        "y": 401
      }, 
      "rotated": false, 
      "sourceSize": {
        "h": 41, 
        "w": 47
      }, 
      "spriteSourceSize": {
        "h": 41, 
        "w": 47, 
        "x": 0, 
        "y": 0
      }, 
      "trimmed": false
    }, 
    "mute-toggle-button-muted-up-icon0000": {
      "frame": {
        "h": 41, 
        "w": 47, 
        "x": 49, 
        "y": 401
      }, 
      "rotated": false, 
      "sourceSize": {
        "h": 41, 
        "w": 47
      }, 
      "spriteSourceSize": {
        "h": 41, 
        "w": 47, 
        "x": 0, 
        "y": 0
      }, 
      "trimmed": false
    }, 
    "overlay-play-pause-toggle-button-play-down-icon0000": {
      "frame": {
        "h": 176, 
        "w": 161, 
        "x": 262, 
        "y": 1
      }, 
      "rotated": false, 
      "sourceSize": {
        "h": 176, 
        "w": 161
      }, 
      "spriteSourceSize": {
        "h": 176, 
        "w": 161, 
        "x": 0, 
        "y": 0
      }, 
      "trimmed": false
    }, 
    "overlay-play-pause-toggle-button-play-up-icon0000": {
      "frame": {
        "h": 176, 
        "w": 161, 
        "x": 262, 
        "y": 178
      }, 
      "rotated": false, 
      "sourceSize": {
        "h": 176, 
        "w": 161
      }, 
      "spriteSourceSize": {
        "h": 176, 
        "w": 161, 
        "x": 0, 
        "y": 0
      }, 
      "trimmed": false
    }, 
    "page-indicator-disabled-symbol0000": {
      "frame": {
        "h": 16, 
        "w": 16, 
        "x": 1, 
        "y": 476
      }, 
      "rotated": false, 
      "sourceSize": {
        "h": 16, 
        "w": 16
      }, 
      "spriteSourceSize": {
        "h": 16, 
        "w": 16, 
        "x": 0, 
        "y": 0
      }, 
      "trimmed": false
    }, 
    "page-indicator-selected-disabled-symbol0000": {
      "frame": {
        "h": 16, 
        "w": 16, 
        "x": 18, 
        "y": 476
      }, 
      "rotated": false, 
      "sourceSize": {
        "h": 16, 
        "w": 16
      }, 
      "spriteSourceSize": {
        "h": 16, 
        "w": 16, 
        "x": 0, 
        "y": 0
      }, 
      "trimmed": false
    }, 
    "page-indicator-selected-symbol0000": {
      "frame": {
        "h": 16, 
        "w": 16, 
        "x": 35, 
        "y": 476
      }, 
      "rotated": false, 
      "sourceSize": {
        "h": 16, 
        "w": 16
      }, 
      "spriteSourceSize": {
        "h": 16, 
        "w": 16, 
        "x": 0, 
        "y": 0
      }, 
      "trimmed": false
    }, 
    "page-indicator-symbol0000": {
      "frame": {
        "h": 16, 
        "w": 16, 
        "x": 201, 
        "y": 483
      }, 
      "rotated": false, 
      "sourceSize": {
        "h": 16, 
        "w": 16
      }, 
      "spriteSourceSize": {
        "h": 16, 
        "w": 16, 
        "x": 0, 
        "y": 0
      }, 
      "trimmed": false
    }, 
    "picker-list-button-disabled-icon0000": {
      "frame": {
        "h": 16, 
        "w": 16, 
        "x": 308, 
        "y": 475
      }, 
      "rotated": false, 
      "sourceSize": {
        "h": 16, 
        "w": 16
      }, 
      "spriteSourceSize": {
        "h": 16, 
        "w": 16, 
        "x": 0, 
        "y": 0
      }, 
      "trimmed": false
    }, 
    "picker-list-button-icon0000": {
      "frame": {
        "h": 16, 
        "w": 16, 
        "x": 443, 
        "y": 483
      }, 
      "rotated": false, 
      "sourceSize": {
        "h": 16, 
        "w": 16
      }, 
      "spriteSourceSize": {
        "h": 16, 
        "w": 16, 
        "x": 0, 
        "y": 0
      }, 
      "trimmed": false
    }, 
    "picker-list-button-selected-icon0000": {
      "frame": {
        "h": 16, 
        "w": 16, 
        "x": 460, 
        "y": 483
      }, 
      "rotated": false, 
      "sourceSize": {
        "h": 16, 
        "w": 16
      }, 
      "spriteSourceSize": {
        "h": 16, 
        "w": 16, 
        "x": 0, 
        "y": 0
      }, 
      "trimmed": false
    }, 
    "picker-list-item-renderer-selected-icon0000": {
      "frame": {
        "h": 32, 
        "w": 32, 
        "x": 286, 
        "y": 442
      }, 
      "rotated": false, 
      "sourceSize": {
        "h": 32, 
        "w": 32
      }, 
      "spriteSourceSize": {
        "h": 32, 
        "w": 32, 
        "x": 0, 
        "y": 0
      }, 
      "trimmed": false
    }, 
    "play-pause-toggle-button-pause-down-icon0000": {
      "frame": {
        "h": 44, 
        "w": 44, 
        "x": 91, 
        "y": 356
      }, 
      "rotated": false, 
      "sourceSize": {
        "h": 44, 
        "w": 44
      }, 
      "spriteSourceSize": {
        "h": 44, 
        "w": 44, 
        "x": 0, 
        "y": 0
      }, 
      "trimmed": false
    }, 
    "play-pause-toggle-button-pause-up-icon0000": {
      "frame": {
        "h": 44, 
        "w": 44, 
        "x": 136, 
        "y": 356
      }, 
      "rotated": false, 
      "sourceSize": {
        "h": 44, 
        "w": 44
      }, 
      "spriteSourceSize": {
        "h": 44, 
        "w": 44, 
        "x": 0, 
        "y": 0
      }, 
      "trimmed": false
    }, 
    "play-pause-toggle-button-play-down-icon0000": {
      "frame": {
        "h": 44, 
        "w": 44, 
        "x": 181, 
        "y": 381
      }, 
      "rotated": false, 
      "sourceSize": {
        "h": 44, 
        "w": 44
      }, 
      "spriteSourceSize": {
        "h": 44, 
        "w": 44, 
        "x": 0, 
        "y": 0
      }, 
      "trimmed": false
    }, 
    "play-pause-toggle-button-play-up-icon0000": {
      "frame": {
        "h": 44, 
        "w": 44, 
        "x": 400, 
        "y": 387
      }, 
      "rotated": false, 
      "sourceSize": {
        "h": 44, 
        "w": 44
      }, 
      "spriteSourceSize": {
        "h": 44, 
        "w": 44, 
        "x": 0, 
        "y": 0
      }, 
      "trimmed": false
    }, 
    "radio-selected-disabled-icon0000": {
      "frame": {
        "h": 32, 
        "w": 32, 
        "x": 319, 
        "y": 442
      }, 
      "rotated": false, 
      "sourceSize": {
        "h": 32, 
        "w": 32
      }, 
      "spriteSourceSize": {
        "h": 32, 
        "w": 32, 
        "x": 0, 
        "y": 0
      }, 
      "trimmed": false
    }, 
    "radio-selected-down-icon0000": {
      "frame": {
        "h": 32, 
        "w": 32, 
        "x": 1, 
        "y": 443
      }, 
      "rotated": false, 
      "sourceSize": {
        "h": 32, 
        "w": 32
      }, 
      "spriteSourceSize": {
        "h": 32, 
        "w": 32, 
        "x": 0, 
        "y": 0
      }, 
      "trimmed": false
    }, 
    "radio-selected-up-icon0000": {
      "frame": {
        "h": 32, 
        "w": 32, 
        "x": 34, 
        "y": 443
      }, 
      "rotated": false, 
      "sourceSize": {
        "h": 32, 
        "w": 32
      }, 
      "spriteSourceSize": {
        "h": 32, 
        "w": 32, 
        "x": 0, 
        "y": 0
      }, 
      "trimmed": false
    }, 
    "search-disabled-icon0000": {
      "frame": {
        "h": 20, 
        "w": 20, 
        "x": 443, 
        "y": 462
      }, 
      "rotated": false, 
      "sourceSize": {
        "h": 20, 
        "w": 20
      }, 
      "spriteSourceSize": {
        "h": 20, 
        "w": 20, 
        "x": 0, 
        "y": 0
      }, 
      "trimmed": false
    }, 
    "search-icon0000": {
      "frame": {
        "h": 20, 
        "w": 20, 
        "x": 382, 
        "y": 465
      }, 
      "rotated": false, 
      "sourceSize": {
        "h": 20, 
        "w": 20
      }, 
      "spriteSourceSize": {
        "h": 20, 
        "w": 20, 
        "x": 0, 
        "y": 0
      }, 
      "trimmed": false
    }, 
    "seek-slider-progress-skin0000": {
      "frame": {
        "h": 16, 
        "w": 16, 
        "x": 403, 
        "y": 484
      }, 
      "rotated": false, 
      "sourceSize": {
        "h": 16, 
        "w": 16
      }, 
      "spriteSourceSize": {
        "h": 16, 
        "w": 16, 
        "x": 0, 
        "y": 0
      }, 
      "trimmed": false
    }, 
    "single-inset-item-renderer-selected-up-skin0000": {
      "frame": {
        "h": 88, 
        "w": 30, 
        "x": 134, 
        "y": 267
      }, 
      "rotated": false, 
      "sourceSize": {
        "h": 88, 
        "w": 30
      }, 
      "spriteSourceSize": {
        "h": 88, 
        "w": 30, 
        "x": 0, 
        "y": 0
      }, 
      "trimmed": false
    }, 
    "single-inset-item-renderer-up-skin0000": {
      "frame": {
        "h": 88, 
        "w": 30, 
        "x": 165, 
        "y": 267
      }, 
      "rotated": false, 
      "sourceSize": {
        "h": 88, 
        "w": 30
      }, 
      "spriteSourceSize": {
        "h": 88, 
        "w": 30, 
        "x": 0, 
        "y": 0
      }, 
      "trimmed": false
    }, 
    "spinner-list-selection-overlay-skin0000": {
      "frame": {
        "h": 88, 
        "w": 10, 
        "x": 371, 
        "y": 460
      }, 
      "rotated": false, 
      "sourceSize": {
        "h": 88, 
        "w": 10
      }, 
      "spriteSourceSize": {
        "h": 88, 
        "w": 10, 
        "x": 0, 
        "y": 0
      }, 
      "trimmed": false
    }, 
    "tab-disabled-skin0000": {
      "frame": {
        "h": 88, 
        "w": 50, 
        "x": 424, 
        "y": 1
      }, 
      "rotated": false, 
      "sourceSize": {
        "h": 88, 
        "w": 50
      }, 
      "spriteSourceSize": {
        "h": 88, 
        "w": 50, 
        "x": 0, 
        "y": 0
      }, 
      "trimmed": false
    }, 
    "tab-down-skin0000": {
      "frame": {
        "h": 88, 
        "w": 50, 
        "x": 424, 
        "y": 90
      }, 
      "rotated": false, 
      "sourceSize": {
        "h": 88, 
        "w": 50
      }, 
      "spriteSourceSize": {
        "h": 88, 
        "w": 50, 
        "x": 0, 
        "y": 0
      }, 
      "trimmed": false
    }, 
    "tab-selected-disabled-skin0000": {
      "frame": {
        "h": 88, 
        "w": 50, 
        "x": 424, 
        "y": 179
      }, 
      "rotated": false, 
      "sourceSize": {
        "h": 88, 
        "w": 50
      }, 
      "spriteSourceSize": {
        "h": 88, 
        "w": 50, 
        "x": 0, 
        "y": 0
      }, 
      "trimmed": false
    }, 
    "tab-selected-up-skin0000": {
      "frame": {
        "h": 88, 
        "w": 50, 
        "x": 1, 
        "y": 267
      }, 
      "rotated": false, 
      "sourceSize": {
        "h": 88, 
        "w": 50
      }, 
      "spriteSourceSize": {
        "h": 88, 
        "w": 50, 
        "x": 0, 
        "y": 0
      }, 
      "trimmed": false
    }, 
    "tab-up-skin0000": {
      "frame": {
        "h": 88, 
        "w": 50, 
        "x": 52, 
        "y": 267
      }, 
      "rotated": false, 
      "sourceSize": {
        "h": 88, 
        "w": 50
      }, 
      "spriteSourceSize": {
        "h": 88, 
        "w": 50, 
        "x": 0, 
        "y": 0
      }, 
      "trimmed": false
    }, 
    "toggle-button-selected-disabled-skin0000": {
      "frame": {
        "h": 56, 
        "w": 18, 
        "x": 225, 
        "y": 453
      }, 
      "rotated": false, 
      "sourceSize": {
        "h": 56, 
        "w": 18
      }, 
      "spriteSourceSize": {
        "h": 56, 
        "w": 18, 
        "x": 0, 
        "y": 0
      }, 
      "trimmed": false
    }, 
    "toggle-button-selected-up-skin0000": {
      "frame": {
        "h": 56, 
        "w": 18, 
        "x": 352, 
        "y": 460
      }, 
      "rotated": false, 
      "sourceSize": {
        "h": 56, 
        "w": 18
      }, 
      "spriteSourceSize": {
        "h": 56, 
        "w": 18, 
        "x": 0, 
        "y": 0
      }, 
      "trimmed": false
    }, 
    "vertical-scroll-bar-decrement-button-disabled-icon0000": {
      "frame": {
        "h": 6, 
        "w": 8, 
        "x": 500, 
        "y": 379
      }, 
      "rotated": false, 
      "sourceSize": {
        "h": 6, 
        "w": 8
      }, 
      "spriteSourceSize": {
        "h": 6, 
        "w": 8, 
        "x": 0, 
        "y": 0
      }, 
      "trimmed": false
    }, 
    "vertical-scroll-bar-decrement-button-icon0000": {
      "frame": {
        "h": 6, 
        "w": 8, 
        "x": 301, 
        "y": 412
      }, 
      "rotated": false, 
      "sourceSize": {
        "h": 6, 
        "w": 8
      }, 
      "spriteSourceSize": {
        "h": 6, 
        "w": 8, 
        "x": 0, 
        "y": 0
      }, 
      "trimmed": false
    }, 
    "vertical-scroll-bar-increment-button-disabled-icon0000": {
      "frame": {
        "h": 6, 
        "w": 8, 
        "x": 301, 
        "y": 419
      }, 
      "rotated": false, 
      "sourceSize": {
        "h": 6, 
        "w": 8
      }, 
      "spriteSourceSize": {
        "h": 6, 
        "w": 8, 
        "x": 0, 
        "y": 0
      }, 
      "trimmed": false
    }, 
    "vertical-scroll-bar-increment-button-icon0000": {
      "frame": {
        "h": 6, 
        "w": 8, 
        "x": 294, 
        "y": 426
      }, 
      "rotated": false, 
      "sourceSize": {
        "h": 6, 
        "w": 8
      }, 
      "spriteSourceSize": {
        "h": 6, 
        "w": 8, 
        "x": 0, 
        "y": 0
      }, 
      "trimmed": false
    }, 
    "vertical-simple-scroll-bar-thumb-skin0000": {
      "frame": {
        "h": 24, 
        "w": 10, 
        "x": 181, 
        "y": 356
      }, 
      "rotated": false, 
      "sourceSize": {
        "h": 24, 
        "w": 10
      }, 
      "spriteSourceSize": {
        "h": 24, 
        "w": 10, 
        "x": 0, 
        "y": 0
      }, 
      "trimmed": false
    }, 
    "volume-slider-maximum-track-skin0000": {
      "frame": {
        "h": 30, 
        "w": 80, 
        "x": 424, 
        "y": 268
      }, 
      "rotated": false, 
      "sourceSize": {
        "h": 30, 
        "w": 80
      }, 
      "spriteSourceSize": {
        "h": 30, 
        "w": 80, 
        "x": 0, 
        "y": 0
      }, 
      "trimmed": false
    }, 
    "volume-slider-minimum-track-skin0000": {
      "frame": {
        "h": 30, 
        "w": 80, 
        "x": 424, 
        "y": 299
      }, 
      "rotated": false, 
      "sourceSize": {
        "h": 30, 
        "w": 80
      }, 
      "spriteSourceSize": {
        "h": 30, 
        "w": 80, 
        "x": 0, 
        "y": 0
      }, 
      "trimmed": false
    }
  }, 
  "grids": {
    "BACK_BUTTON_SCALE9_GRID": [
      "13", 
      "0", 
      "1", 
      "28"
    ], 
    "BUTTON_SCALE9_GRID": [
      "4", 
      "4", 
      "1", 
      "20"
    ], 
    "DEFAULT_BACKGROUND_SCALE9_GRID": [
      "4", 
      "4", 
      "1", 
      "1"
    ], 
    "FORWARD_BUTTON_SCALE9_GRID": [
      "3", 
      "0", 
      "1", 
      "28"
    ], 
    "HEADER_SKIN_TEXTURE_REGION": [
      "1", 
      "1", 
      "128", 
      "64"
    ], 
    "HORIZONTAL_SCROLL_BAR_THUMB_SCALE9_GRID": [
      "4", 
      "0", 
      "4", 
      "5"
    ], 
    "INSET_ITEM_RENDERER_FIRST_SCALE9_GRID": [
      "7", 
      "7", 
      "1", 
      "35"
    ], 
    "INSET_ITEM_RENDERER_LAST_SCALE9_GRID": [
      "7", 
      "2", 
      "1", 
      "35"
    ], 
    "INSET_ITEM_RENDERER_MIDDLE_SCALE9_GRID": [
      "2", 
      "2", 
      "1", 
      "40"
    ], 
    "INSET_ITEM_RENDERER_SINGLE_SCALE9_GRID": [
      "7", 
      "7", 
      "1", 
      "30"
    ], 
    "ITEM_RENDERER_SCALE9_GRID": [
      "1", 
      "1", 
      "1", 
      "42"
    ], 
    "SMALL_BACKGROUND_SCALE9_GRID": [
      "2", 
      "2", 
      "1", 
      "1"
    ], 
    "SPINNER_LIST_SELECTION_OVERLAY_SCALE9_GRID": [
      "2", 
      "6", 
      "1", 
      "32"
    ], 
    "TAB_SCALE9_GRID": [
      "11", 
      "11", 
      "1", 
      "22"
    ], 
    "TAB_SKIN_TEXTURE_REGION": [
      "1", 
      "0", 
      "22", 
      "44"
    ], 
    "VERTICAL_SCROLL_BAR_THUMB_SCALE9_GRID": [
      "0", 
      "4", 
      "5", 
      "4"
    ]
  }, 
  "meta": {
    "image": "metalworks_mobile.png", 
    "size": {
      "h": 1024, 
      "w": 512
    }, 
    "version": "1.0"
  }
}