{
  "9836134e-b892-4283-b6b2-78b5acf3ed45": {
    "asset": 1583424895678,
    "meta": 1583208372000,
    "relativePath": "effects"
  },
  "430eccbf-bf2c-4e6e-8c0c-884bbb487f32": {
    "asset": 1583208372000,
    "meta": 1586273363747,
    "relativePath": "effects\\__builtin-editor-gizmo-line.effect"
  },
  "6c5cf6e1-b044-4eac-9431-835644d57381": {
    "asset": 1583208372000,
    "meta": 1586273363783,
    "relativePath": "effects\\__builtin-editor-gizmo-unlit.effect"
  },
  "115286d1-2e10-49ee-aab4-341583f607e8": {
    "asset": 1583208372000,
    "meta": 1586273363848,
    "relativePath": "effects\\__builtin-editor-gizmo.effect"
  },
  "abc2cb62-7852-4525-a90d-d474487b88f2": {
    "asset": 1583208372000,
    "meta": 1586273363998,
    "relativePath": "effects\\builtin-phong.effect"
  },
  "e2f00085-c597-422d-9759-52c360279106": {
    "asset": 1583208372000,
    "meta": 1586273364122,
    "relativePath": "effects\\builtin-toon.effect"
  },
  "f8e6b000-5643-4b86-9080-aa680ce1f599": {
    "asset": 1583425030226,
    "meta": 1583208372000,
    "relativePath": "image"
  },
  "71561142-4c83-4933-afca-cb7a17f67053": {
    "asset": 1583208372000,
    "meta": 1586273364205,
    "relativePath": "image\\default_btn_disabled.png"
  },
  "e851e89b-faa2-4484-bea6-5c01dd9f06e2": {
    "asset": 1583208372000,
    "meta": 1586273364194,
    "relativePath": "image\\default_btn_normal.png"
  },
  "b43ff3c2-02bb-4874-81f7-f2dea6970f18": {
    "asset": 1583208372000,
    "meta": 1586273364239,
    "relativePath": "image\\default_btn_pressed.png"
  },
  "edd215b9-2796-4a05-aaf5-81f96c9281ce": {
    "asset": 1583208372000,
    "meta": 1586273364235,
    "relativePath": "image\\default_editbox_bg.png"
  },
  "99170b0b-d210-46f1-b213-7d9e3f23098a": {
    "asset": 1583208372000,
    "meta": 1586273364269,
    "relativePath": "image\\default_progressbar_bg.png"
  },
  "d81ec8ad-247c-4e62-aa3c-d35c4193c7af": {
    "asset": 1583208372000,
    "meta": 1586273364282,
    "relativePath": "image\\default_panel.png"
  },
  "567dcd80-8bf4-4535-8a5a-313f1caf078a": {
    "asset": 1583208372000,
    "meta": 1586273364318,
    "relativePath": "image\\default_radio_button_off.png"
  },
  "cfef78f1-c8df-49b7-8ed0-4c953ace2621": {
    "asset": 1583208372000,
    "meta": 1586273364307,
    "relativePath": "image\\default_progressbar.png"
  },
  "4bab67cb-18e6-4099-b840-355f0473f890": {
    "asset": 1583208372000,
    "meta": 1586273364355,
    "relativePath": "image\\default_scrollbar_bg.png"
  },
  "9d60001f-b5f4-4726-a629-2659e3ded0b8": {
    "asset": 1583208372000,
    "meta": 1586273364341,
    "relativePath": "image\\default_radio_button_on.png"
  },
  "617323dd-11f4-4dd3-8eec-0caf6b3b45b9": {
    "asset": 1583208372000,
    "meta": 1586273364386,
    "relativePath": "image\\default_scrollbar_vertical_bg.png"
  },
  "d6d3ca85-4681-47c1-b5dd-d036a9d39ea2": {
    "asset": 1583208372000,
    "meta": 1586273364402,
    "relativePath": "image\\default_scrollbar_vertical.png"
  },
  "0275e94c-56a7-410f-bd1a-fc7483f7d14a": {
    "asset": 1583208372000,
    "meta": 1586273364425,
    "relativePath": "image\\default_sprite_splash.png"
  },
  "0291c134-b3da-4098-b7b5-e397edbe947f": {
    "asset": 1583208372000,
    "meta": 1586273364439,
    "relativePath": "image\\default_scrollbar.png"
  },
  "6e056173-d285-473c-b206-40a7fff5386e": {
    "asset": 1583208372000,
    "meta": 1586273364472,
    "relativePath": "image\\default_sprite.png"
  },
  "73a0903d-d80e-4e3c-aa67-f999543c08f5": {
    "asset": 1583208372000,
    "meta": 1586273364457,
    "relativePath": "image\\default_toggle_checkmark.png"
  },
  "d29077ba-1627-4a72-9579-7b56a235340c": {
    "asset": 1583208372000,
    "meta": 1586273364506,
    "relativePath": "image\\default_toggle_normal.png"
  },
  "c25b9d50-c8fc-4d27-beeb-6e7c1f2e5c0f": {
    "asset": 1583208372000,
    "meta": 1586273364518,
    "relativePath": "image\\default_toggle_disabled.png"
  },
  "b181c1e4-0a72-4a91-bfb0-ae6f36ca60bd": {
    "asset": 1583208372000,
    "meta": 1586273364549,
    "relativePath": "image\\default_toggle_pressed.png"
  },
  "5c3eedba-6c41-4c0c-9ba7-d91f813cbd1c": {
    "asset": 1583424763824,
    "meta": 1583208372000,
    "relativePath": "materials"
  },
  "600301aa-3357-4a10-b086-84f011fa32ba": {
    "asset": 1583208372000,
    "meta": 1586273364569,
    "relativePath": "image\\default-particle.png"
  },
  "fc09f9bd-2cce-4605-b630-8145ef809ed6": {
    "asset": 1583424763895,
    "meta": 1583208372000,
    "relativePath": "misc"
  },
  "c4480a0a-6ac5-443f-8b40-361a14257fc8": {
    "asset": 1583425342806,
    "meta": 1586273365940,
    "relativePath": "materials\\builtin-phong.mtl"
  },
  "db019bf7-f71c-4111-98cf-918ea180cb48": {
    "asset": 1583424764114,
    "meta": 1583208372000,
    "relativePath": "model"
  },
  "e39e96e6-6f6e-413f-bcf1-ac7679bb648a": {
    "asset": 1583424764087,
    "meta": 1583208372000,
    "relativePath": "model\\prefab"
  },
  "a87cc147-01b2-43f8-8e42-a7ca90b0c757": {
    "asset": 1583208372000,
    "meta": 1586273364592,
    "relativePath": "model\\prefab\\box.prefab"
  },
  "2be36297-9abb-4fee-8049-9ed5e271da8a": {
    "asset": 1583208372000,
    "meta": 1586273364608,
    "relativePath": "misc\\default_video.mp4"
  },
  "fe1417b6-fe6b-46a4-ae7c-9fd331f33a2a": {
    "asset": 1583208372000,
    "meta": 1586273364620,
    "relativePath": "model\\prefab\\capsule.prefab"
  },
  "b5fc2cf2-7942-483d-be1f-bbeadc4714ad": {
    "asset": 1583208372000,
    "meta": 1586273364634,
    "relativePath": "model\\prefab\\cone.prefab"
  },
  "1c5e4038-953a-44c2-b620-0bbfc6170477": {
    "asset": 1583208372000,
    "meta": 1586273364642,
    "relativePath": "model\\prefab\\cylinder.prefab"
  },
  "3f376125-a699-40ca-ad05-04d662eaa1f2": {
    "asset": 1583208372000,
    "meta": 1586273364656,
    "relativePath": "model\\prefab\\plane.prefab"
  },
  "6c9ef10d-b479-420b-bfe6-39cdda6a8ae0": {
    "asset": 1583208372000,
    "meta": 1586273364668,
    "relativePath": "model\\prefab\\quad.prefab"
  },
  "2d9a4b85-b0ab-4c46-84c5-18f393ab2058": {
    "asset": 1583208372000,
    "meta": 1586273364677,
    "relativePath": "model\\prefab\\sphere.prefab"
  },
  "de510076-056b-484f-b94c-83bef217d0e1": {
    "asset": 1583208372000,
    "meta": 1586273364751,
    "relativePath": "model\\prefab\\torus.prefab"
  },
  "f6e6dd15-71d1-4ffe-ace7-24fd39942c05": {
    "asset": 1583424764157,
    "meta": 1583208372000,
    "relativePath": "obsolete"
  },
  "8a96b965-2dc0-4e03-aa90-3b79cb93b5b4": {
    "asset": 1583208372000,
    "meta": 1586273364787,
    "relativePath": "obsolete\\atom.png"
  },
  "f743d2b6-b7ea-4c14-a55b-547ed4d0a045": {
    "asset": 1583424764199,
    "meta": 1583208372000,
    "relativePath": "particle"
  },
  "b2687ac4-099e-403c-a192-ff477686f4f5": {
    "asset": 1583208372000,
    "meta": 1586273365985,
    "relativePath": "particle\\atom.plist"
  },
  "b8223619-7e38-47c4-841f-9160c232495a": {
    "asset": 1583208372000,
    "meta": 1586273365984,
    "relativePath": "obsolete\\atom.plist"
  },
  "d0a82d39-bede-46c4-b698-c81ff0dedfff": {
    "asset": 1583208372000,
    "meta": 1586273364818,
    "relativePath": "particle\\atom.png"
  },
  "ae6c6c98-11e4-452f-8758-75f5c6a56e83": {
    "asset": 1583425030303,
    "meta": 1583208372000,
    "relativePath": "prefab"
  },
  "897ef7a1-4860-4f64-968d-f5924b18668a": {
    "asset": 1583208372000,
    "meta": 1586273364851,
    "relativePath": "prefab\\2d-camera.prefab"
  },
  "70d7cdb0-04cd-41bb-9480-c06a4785f386": {
    "asset": 1583208372000,
    "meta": 1586273364867,
    "relativePath": "prefab\\3d-camera.prefab"
  },
  "70bbeb73-6dc2-4ee4-8faf-76b3a0e34ec4": {
    "asset": 1583208372000,
    "meta": 1586273364887,
    "relativePath": "prefab\\3d-particle.prefab"
  },
  "ed88f13d-fcad-4848-aa35-65a2cb973584": {
    "asset": 1583208372000,
    "meta": 1586273364906,
    "relativePath": "prefab\\3d-stage.prefab"
  },
  "972b9a4d-47ee-4c74-b5c3-61d8a69bc29f": {
    "asset": 1583208372000,
    "meta": 1586273364923,
    "relativePath": "prefab\\button.prefab"
  },
  "2c937608-2562-40ea-b264-7395df6f0cea": {
    "asset": 1583208372000,
    "meta": 1586273364967,
    "relativePath": "prefab\\canvas.prefab"
  },
  "61aeb05b-3b32-452b-8eed-2b76deeed554": {
    "asset": 1583208372000,
    "meta": 1586273365006,
    "relativePath": "prefab\\editbox.prefab"
  },
  "27756ebb-3d33-44b0-9b96-e858fadd4dd4": {
    "asset": 1583208372000,
    "meta": 1586273365048,
    "relativePath": "prefab\\label.prefab"
  },
  "785a442c-3ceb-45be-a46e-7317f625f3b9": {
    "asset": 1583208372000,
    "meta": 1586273365069,
    "relativePath": "prefab\\layout.prefab"
  },
  "a3ee0214-b432-4865-9666-4a3211814282": {
    "asset": 1583424895748,
    "meta": 1583208372000,
    "relativePath": "prefab\\light"
  },
  "61906da3-7003-4bda-9abc-5769c76faee4": {
    "asset": 1583208372000,
    "meta": 1586273365091,
    "relativePath": "prefab\\light\\ambient.prefab"
  },
  "ddb99b39-7004-47cd-9705-751905c43c46": {
    "asset": 1583208372000,
    "meta": 1586273365135,
    "relativePath": "prefab\\light\\directional.prefab"
  },
  "0cf30284-9073-46bc-9eba-e62b69dbbff3": {
    "asset": 1583208372000,
    "meta": 1586273365157,
    "relativePath": "prefab\\light\\point.prefab"
  },
  "f5331fd2-bf42-4ee3-a3fd-3e1657600eff": {
    "asset": 1583208372000,
    "meta": 1586273365181,
    "relativePath": "prefab\\light\\spot.prefab"
  },
  "ca8401fe-ad6e-41a8-bd46-8e3e4e9945be": {
    "asset": 1583208372000,
    "meta": 1586273365207,
    "relativePath": "prefab\\pageview.prefab"
  },
  "cd33edea-55f5-46c2-958d-357a01384a36": {
    "asset": 1583208372000,
    "meta": 1586273365236,
    "relativePath": "prefab\\particlesystem.prefab"
  },
  "5965ffac-69da-4b55-bcde-9225d0613c28": {
    "asset": 1583208372000,
    "meta": 1586273365247,
    "relativePath": "prefab\\progressBar.prefab"
  },
  "4a37dd57-78cd-4cec-aad4-f11a73d12b63": {
    "asset": 1583208372000,
    "meta": 1586273365255,
    "relativePath": "prefab\\richtext.prefab"
  },
  "32044bd2-481f-4cf1-a656-e2b2fb1594eb": {
    "asset": 1583208372000,
    "meta": 1586273365267,
    "relativePath": "prefab\\scrollview.prefab"
  },
  "0004d1cf-a0ad-47d8-ab17-34d3db9d35a3": {
    "asset": 1583208372000,
    "meta": 1586273365277,
    "relativePath": "prefab\\slider.prefab"
  },
  "1f55e3be-b89b-4b79-88de-47fd31018044": {
    "asset": 1583208372000,
    "meta": 1586273365288,
    "relativePath": "prefab\\sprite_splash.prefab"
  },
  "96083d03-c332-4a3f-9386-d03e2d19e8ee": {
    "asset": 1583208372000,
    "meta": 1586273365300,
    "relativePath": "prefab\\sprite.prefab"
  },
  "7de03a80-4457-438d-95a7-3e7cdffd6086": {
    "asset": 1583208372000,
    "meta": 1586273365309,
    "relativePath": "prefab\\tiledmap.prefab"
  },
  "0e42ba95-1fa1-46aa-b2cf-143cd1bcee2c": {
    "asset": 1583208372000,
    "meta": 1586273365324,
    "relativePath": "prefab\\tiledtile.prefab"
  },
  "0d784963-d024-4ea6-a7db-03be0ad63010": {
    "asset": 1583208372000,
    "meta": 1586273365336,
    "relativePath": "prefab\\toggle.prefab"
  },
  "bf0a434c-84dd-4a8e-a08a-7a36f180cc75": {
    "asset": 1583208372000,
    "meta": 1586273365360,
    "relativePath": "prefab\\toggleContainer.prefab"
  },
  "d1b8be49-b0a0-435c-83b7-552bed4bbe35": {
    "asset": 1583208372000,
    "meta": 1586273365376,
    "relativePath": "prefab\\toggleGroup.prefab"
  },
  "232d2782-c4bd-4bb4-9e01-909f03d6d3b9": {
    "asset": 1583208372000,
    "meta": 1586273365391,
    "relativePath": "prefab\\videoplayer.prefab"
  },
  "d8afc78c-4eac-4a9f-83dd-67bc70344d33": {
    "asset": 1583424765107,
    "meta": 1583208372000,
    "relativePath": "resources"
  },
  "294c1663-4adf-4a1e-a795-53808011a38a": {
    "asset": 1583425030338,
    "meta": 1583208372000,
    "relativePath": "resources\\effects"
  },
  "144c3297-af63-49e8-b8ef-1cfa29b3be28": {
    "asset": 1583208372000,
    "meta": 1586273365421,
    "relativePath": "resources\\effects\\builtin-2d-gray-sprite.effect"
  },
  "0e93aeaa-0b53-4e40-b8e0-6268b4e07bd7": {
    "asset": 1583208372000,
    "meta": 1586273365442,
    "relativePath": "resources\\effects\\builtin-2d-spine.effect"
  },
  "2874f8dd-416c-4440-81b7-555975426e93": {
    "asset": 1583208372000,
    "meta": 1586273365469,
    "relativePath": "resources\\effects\\builtin-2d-sprite.effect"
  },
  "829a282c-b049-4019-bd38-5ace8d8a6417": {
    "asset": 1583208372000,
    "meta": 1586273365673,
    "relativePath": "resources\\effects\\builtin-3d-particle.effect"
  },
  "2a7c0036-e0b3-4fe1-8998-89a54b8a2bec": {
    "asset": 1583208372000,
    "meta": 1586273365748,
    "relativePath": "resources\\effects\\builtin-3d-trail.effect"
  },
  "c0040c95-c57f-49cd-9cbc-12316b73d0d4": {
    "asset": 1583208372000,
    "meta": 1586273365775,
    "relativePath": "resources\\effects\\builtin-clear-stencil.effect"
  },
  "8c5001fd-07ee-4a4b-a8a0-63e15195e94d": {
    "asset": 1583208372000,
    "meta": 1586273365868,
    "relativePath": "prefab\\webview.prefab"
  },
  "6d91e591-4ce0-465c-809f-610ec95019c6": {
    "asset": 1583208372000,
    "meta": 1586273365851,
    "relativePath": "resources\\effects\\builtin-unlit.effect"
  },
  "bbee2217-c261-49bd-a8ce-708d6bcc3500": {
    "asset": 1583425030379,
    "meta": 1583208372000,
    "relativePath": "resources\\materials"
  },
  "3a7bb79f-32fd-422e-ada2-96f518fed422": {
    "asset": 1583425342960,
    "meta": 1586273366031,
    "relativePath": "resources\\materials\\builtin-2d-gray-sprite.mtl"
  },
  "6f801092-0c37-4f30-89ef-c8d960825b36": {
    "asset": 1583425342969,
    "meta": 1586273366024,
    "relativePath": "resources\\materials\\builtin-2d-base.mtl"
  },
  "7afd064b-113f-480e-b793-8817d19f63c3": {
    "asset": 1583425342978,
    "meta": 1586273366033,
    "relativePath": "resources\\materials\\builtin-2d-spine.mtl"
  },
  "eca5d2f2-8ef6-41c2-bbe6-f9c79d09c432": {
    "asset": 1583425342987,
    "meta": 1586273366036,
    "relativePath": "resources\\materials\\builtin-2d-sprite.mtl"
  },
  "432fa09c-cf03-4cff-a186-982604408a07": {
    "asset": 1583208372000,
    "meta": 1586273366041,
    "relativePath": "resources\\materials\\builtin-3d-particle.mtl"
  },
  "466d4f9b-e5f4-4ea8-85d5-3c6e9a65658a": {
    "asset": 1583208372000,
    "meta": 1586273366038,
    "relativePath": "resources\\materials\\builtin-3d-trail.mtl"
  },
  "cf7e0bb8-a81c-44a9-ad79-d28d43991032": {
    "asset": 1583425342999,
    "meta": 1586273366043,
    "relativePath": "resources\\materials\\builtin-clear-stencil.mtl"
  },
  "2a296057-247c-4a1c-bbeb-0548b6c98650": {
    "asset": 1583425343009,
    "meta": 1586273366048,
    "relativePath": "resources\\materials\\builtin-unlit.mtl"
  },
  "954fec8b-cd16-4bb9-a3b7-7719660e7558": {
    "asset": 1583208372000,
    "meta": 1586273372795,
    "relativePath": "model\\primitives.fbx"
  },
  "b0b9b77f-24ca-43db-a6c5-1191d67f7dab": {
    "asset": 1586076148258,
    "meta": 1583425786354,
    "relativePath": "scripts"
  },
  "d3327460-431e-43c7-851b-13201b24d293": {
    "asset": 1586179992223,
    "meta": 1585239531245,
    "relativePath": "images"
  },
  "b0ecd12f-2a12-4600-8a87-2d0a6c0f7585": {
    "asset": 1486122530000,
    "meta": 1585239545375,
    "relativePath": "images\\slotmachine.png"
  },
  "590c3599-e9f7-42a6-a1d4-6c4c160441b5": {
    "asset": 1585326170122,
    "meta": 1585326170977,
    "relativePath": "images\\rank.png"
  },
  "bca71f61-74bf-4fa1-b63b-964d20913ea7": {
    "asset": 1585326170122,
    "meta": 1585326170993,
    "relativePath": "images\\slotmachine-1.png"
  },
  "2c6fd705-47bc-4a8b-8a96-c5db9ff80477": {
    "asset": 1585326170122,
    "meta": 1585326171025,
    "relativePath": "images\\small_p.png"
  },
  "cb8ff67c-27e8-4d5c-870d-30300ab17ea7": {
    "asset": 1585326170122,
    "meta": 1585326171040,
    "relativePath": "images\\small.png"
  },
  "da845afa-765c-4304-ad2d-09290d912bd3": {
    "asset": 1585326170122,
    "meta": 1585326171082,
    "relativePath": "images\\stars.png"
  },
  "86536b85-8474-4c82-808b-5dd404770d3b": {
    "asset": 1585326170122,
    "meta": 1585326171097,
    "relativePath": "images\\sound_mute.png"
  },
  "8c54476b-d33c-4f29-9f5b-4989bbad7cb4": {
    "asset": 1585326170123,
    "meta": 1585326171132,
    "relativePath": "images\\waiting.png"
  },
  "d5597791-1200-441b-8249-35a4bd578d65": {
    "asset": 1585326170122,
    "meta": 1585326171147,
    "relativePath": "images\\sound_on.png"
  },
  "3b4127ee-b486-40cb-8b09-f4cc0472a61f": {
    "asset": 1585326170123,
    "meta": 1585326171218,
    "relativePath": "images\\xmg0.png"
  },
  "9490f12f-c417-42cf-a00a-ea5b88f46608": {
    "asset": 1585326170124,
    "meta": 1585326171239,
    "relativePath": "images\\xsy0.png"
  },
  "e28a8f74-59f3-448a-9015-6ca4c15eb8da": {
    "asset": 1585326170124,
    "meta": 1585326171275,
    "relativePath": "images\\b1p.png"
  },
  "ffe17151-6e3c-4003-9d3b-65dddf2f1dae": {
    "asset": 1585326170124,
    "meta": 1585326171293,
    "relativePath": "images\\add.png"
  },
  "8c76807a-8cbd-40fa-a85e-c9916af920eb": {
    "asset": 1585326170124,
    "meta": 1585326171332,
    "relativePath": "images\\b1.png"
  },
  "0e03efd0-f959-4377-9d0b-e07501da48b1": {
    "asset": 1585326170124,
    "meta": 1585326171346,
    "relativePath": "images\\add_p.png"
  },
  "0ceb5bc9-f1ec-49a4-8184-91a3be16eb9e": {
    "asset": 1585326170124,
    "meta": 1585326171376,
    "relativePath": "images\\b2p.png"
  },
  "2d0fd726-76d9-41cb-9de5-16c0bb728302": {
    "asset": 1585326170124,
    "meta": 1585326171392,
    "relativePath": "images\\b2.png"
  },
  "abf08f7f-d9ce-418f-886b-166d8e199f8a": {
    "asset": 1585326170124,
    "meta": 1585326171423,
    "relativePath": "images\\b4.png"
  },
  "92b38189-c3e4-4b9e-8480-5f840c34010c": {
    "asset": 1585326170124,
    "meta": 1585326171439,
    "relativePath": "images\\b3.png"
  },
  "9599e87b-88b0-484a-a9bf-62c5e800babf": {
    "asset": 1585326170124,
    "meta": 1585326171466,
    "relativePath": "images\\b4p.png"
  },
  "4cfc5572-904a-418a-b7a1-7b587d635666": {
    "asset": 1585326170124,
    "meta": 1585326171485,
    "relativePath": "images\\b5p.png"
  },
  "28a775ab-f110-461a-97cf-429ec55fe9c7": {
    "asset": 1585326170125,
    "meta": 1585326171515,
    "relativePath": "images\\b6.png"
  },
  "c81da048-d052-4b06-8b34-329adf3b18a1": {
    "asset": 1585326170125,
    "meta": 1585326171530,
    "relativePath": "images\\b5.png"
  },
  "294c66d4-9c10-47ef-8957-a1aeabe13f8f": {
    "asset": 1585326170125,
    "meta": 1585326171559,
    "relativePath": "images\\b6p.png"
  },
  "ac4fb4f9-aa35-451c-b1e9-c25db531e18e": {
    "asset": 1585326170124,
    "meta": 1585326171574,
    "relativePath": "images\\b3p.png"
  },
  "974851dc-a3e2-4246-8f7e-00d2081fe2dc": {
    "asset": 1585326170125,
    "meta": 1585326171610,
    "relativePath": "images\\b7.png"
  },
  "adde93dd-a588-4dca-bb83-6e6873f356ca": {
    "asset": 1585326170125,
    "meta": 1585326171625,
    "relativePath": "images\\b7p.png"
  },
  "2644cad3-1238-4ccf-baf8-d3601444e1ab": {
    "asset": 1585326170125,
    "meta": 1585326171662,
    "relativePath": "images\\big_p.png"
  },
  "253cc610-b7ab-4af6-8b0d-8fc423fa42b4": {
    "asset": 1585326170125,
    "meta": 1585326171679,
    "relativePath": "images\\b8.png"
  },
  "1413cee2-ec8b-4f90-96b6-65a55e0e65e8": {
    "asset": 1585326170125,
    "meta": 1585326171711,
    "relativePath": "images\\box1.png"
  },
  "fc96f4b5-2f22-4355-a054-6473cf5ce6ec": {
    "asset": 1585326170125,
    "meta": 1585326171727,
    "relativePath": "images\\b8p.png"
  },
  "dd9d3fa2-0fce-4aa7-907d-4705efb764e3": {
    "asset": 1585326170125,
    "meta": 1585326171759,
    "relativePath": "images\\box2.png"
  },
  "6ed64bd6-fd44-4e32-9dd0-cb239f800368": {
    "asset": 1585326170125,
    "meta": 1585326171775,
    "relativePath": "images\\big.png"
  },
  "28e83a82-e579-4cd3-9d98-b2be72d2db05": {
    "asset": 1585326170125,
    "meta": 1585326171811,
    "relativePath": "images\\box0.png"
  },
  "d7c11325-a072-4406-ad76-d59b6c3af401": {
    "asset": 1585326170125,
    "meta": 1585326171827,
    "relativePath": "images\\box3.png"
  },
  "7e28e88b-9921-4487-81ca-c99682ae4e4c": {
    "asset": 1585326170125,
    "meta": 1585326171859,
    "relativePath": "images\\click.png"
  },
  "d1236a2d-e918-4e8a-9539-27af63cbcea6": {
    "asset": 1585326170125,
    "meta": 1585326171874,
    "relativePath": "images\\de.png"
  },
  "4734131e-a297-4c89-9596-83e57d7f26e2": {
    "asset": 1585326170125,
    "meta": 1585326171907,
    "relativePath": "images\\de_p.png"
  },
  "6ba26294-9548-4f8a-ba27-911ec4e982e0": {
    "asset": 1585326170126,
    "meta": 1585326171925,
    "relativePath": "images\\dsy0.png"
  },
  "4288b6bc-9410-4327-b511-370ff7995259": {
    "asset": 1585326170126,
    "meta": 1585326171952,
    "relativePath": "images\\getPoints.png"
  },
  "a521aa1b-ebf3-40ce-bf08-4387088770c0": {
    "asset": 1585326170126,
    "meta": 1585326171967,
    "relativePath": "images\\eat.png"
  },
  "b01b8c73-c9b1-4ff2-9d46-6e8da07bb739": {
    "asset": 1585326170126,
    "meta": 1585326171999,
    "relativePath": "images\\go.png"
  },
  "8a4bedb5-e4bc-41eb-a5f9-158c777d0f65": {
    "asset": 1585326170126,
    "meta": 1585326172014,
    "relativePath": "images\\fire.png"
  },
  "1bbc5eff-697a-45ab-ba93-3ea1eec2f946": {
    "asset": 1585326170126,
    "meta": 1585326172045,
    "relativePath": "images\\go_p.png"
  },
  "32b5fa15-1bf0-4226-95c3-bcd318ceab15": {
    "asset": 1585326170126,
    "meta": 1585326172061,
    "relativePath": "images\\khc0.png"
  },
  "4269910a-f234-4fcb-b240-2cf43311dfe1": {
    "asset": 1585326170126,
    "meta": 1585326172094,
    "relativePath": "images\\null.png"
  },
  "26b0a538-964e-4c9f-993d-ed09fa64e23a": {
    "asset": 1585326170126,
    "meta": 1585326172110,
    "relativePath": "images\\light0.png"
  },
  "b86d46ea-9e3e-43b2-978e-bad0514376d3": {
    "asset": 1585326170126,
    "meta": 1585326172139,
    "relativePath": "images\\num_blue.png"
  },
  "5b47b4e2-599c-4db3-956b-be258ef2b34b": {
    "asset": 1585326170126,
    "meta": 1585326172151,
    "relativePath": "images\\load.png"
  },
  "8c9de571-2355-4670-8be9-c30f8f7756ae": {
    "asset": 1585326170127,
    "meta": 1585326172181,
    "relativePath": "images\\light1.png"
  },
  "880fadbf-0ddf-4c0d-986b-c32710d49901": {
    "asset": 1585326170127,
    "meta": 1585326172195,
    "relativePath": "images\\num0.png"
  },
  "2ae3c711-f691-456f-8a04-f645171722d6": {
    "asset": 1585326170127,
    "meta": 1585326172224,
    "relativePath": "images\\num6.png"
  },
  "b601753a-2df9-4c96-a0af-81669d130c12": {
    "asset": 1585326170127,
    "meta": 1585326172238,
    "relativePath": "images\\num4.png"
  },
  "f316a909-4029-4839-b217-6e4a3f2c063f": {
    "asset": 1585326170127,
    "meta": 1585326172266,
    "relativePath": "images\\num_red.png"
  },
  "a4ca0f97-69f1-4e6a-aec4-01f42832462d": {
    "asset": 1585326170127,
    "meta": 1585326172280,
    "relativePath": "images\\num3.png"
  },
  "249d4d98-79e9-4cc9-83b9-46d3997f5413": {
    "asset": 1585326170127,
    "meta": 1585326172314,
    "relativePath": "images\\num2.png"
  },
  "87cc696b-e069-4410-8f3c-93bb5888182d": {
    "asset": 1585326170127,
    "meta": 1585326172331,
    "relativePath": "images\\play.png"
  },
  "98b29b92-d0f0-436e-9210-2e91352bafd4": {
    "asset": 1585326170127,
    "meta": 1585326172360,
    "relativePath": "images\\points0.png"
  },
  "64c40dc2-6865-4418-802b-298c2e38b8cf": {
    "asset": 1585326170127,
    "meta": 1585326172377,
    "relativePath": "images\\num7.png"
  },
  "5b3647b8-0dda-4181-b289-2567a969d496": {
    "asset": 1585326170127,
    "meta": 1585326172410,
    "relativePath": "images\\num9.png"
  },
  "d3e63931-1fdf-45fd-89c3-1e5234ea41ae": {
    "asset": 1585326170127,
    "meta": 1585326172424,
    "relativePath": "images\\num5.png"
  },
  "48b9fac1-d471-4de6-b3c1-9e8b0d0859d7": {
    "asset": 1585326170127,
    "meta": 1585326172457,
    "relativePath": "images\\points2.png"
  },
  "e0dc46fb-3d22-4f69-9481-7d6d4f04f67e": {
    "asset": 1585326170127,
    "meta": 1585326172472,
    "relativePath": "images\\play2.png"
  },
  "82e69451-c812-4a6c-966f-cce5c0997866": {
    "asset": 1585326170127,
    "meta": 1585326172498,
    "relativePath": "images\\points4.png"
  },
  "62110185-5aef-480e-80f9-df4508d0e944": {
    "asset": 1585326170127,
    "meta": 1585326172514,
    "relativePath": "images\\points6.png"
  },
  "43a0f3d4-2506-4261-b5fc-1e84d51fbd4e": {
    "asset": 1585326170127,
    "meta": 1585326172548,
    "relativePath": "images\\points5.png"
  },
  "49c99b0a-6119-4da7-9d18-89acb7e82f92": {
    "asset": 1585326170127,
    "meta": 1585326172564,
    "relativePath": "images\\points3.png"
  },
  "27364aef-83f4-4e84-b96d-76ff71ad4d54": {
    "asset": 1585326170127,
    "meta": 1585326172597,
    "relativePath": "images\\points9.png"
  },
  "de7c4b74-e2b0-469f-859a-2db16310ddf4": {
    "asset": 1585326170127,
    "meta": 1585326172611,
    "relativePath": "images\\points7.png"
  },
  "da175815-f0b7-44ad-b25b-c99502e62e74": {
    "asset": 1585326170127,
    "meta": 1585326172639,
    "relativePath": "images\\num1.png"
  },
  "626389c8-14e7-4736-8eb0-e551734b2c84": {
    "asset": 1585326170127,
    "meta": 1585326172654,
    "relativePath": "images\\num8.png"
  },
  "b8d526d2-439b-45dd-98c3-89ba51ad9d22": {
    "asset": 1585326170127,
    "meta": 1585326172681,
    "relativePath": "images\\points1.png"
  },
  "deec151d-8aa3-42ca-aa8f-27f11a32f27e": {
    "asset": 1585326170139,
    "meta": 1585326172716,
    "relativePath": "images\\xsx0.png"
  },
  "01cd45ad-7b53-4ff5-a15f-b7c8c1444604": {
    "asset": 1585326170140,
    "meta": 1585326172730,
    "relativePath": "images\\xmg1.png"
  },
  "62d8d316-ff42-49df-b11f-be479dd79206": {
    "asset": 1585326170160,
    "meta": 1585326172759,
    "relativePath": "images\\points8.png"
  },
  "95ba7eb8-0cf8-44e7-8c4d-03db1e7a1243": {
    "asset": 1585326170178,
    "meta": 1585326172776,
    "relativePath": "images\\dmg1.png"
  },
  "93360be1-f96b-433e-ba44-0058ce49017f": {
    "asset": 1585326170183,
    "meta": 1585326172814,
    "relativePath": "images\\QUXIAO.png"
  },
  "46c7fbc9-94dd-4e89-a60a-6245f41b8e0f": {
    "asset": 1585326170178,
    "meta": 1585326172836,
    "relativePath": "images\\dmg0.png"
  },
  "7621d249-7549-4ef3-8ee8-a5aadfb01800": {
    "asset": 1585326170193,
    "meta": 1585326172879,
    "relativePath": "images\\QUXIAO_P.png"
  },
  "5d4284a8-0989-402e-be62-5b5a3065555b": {
    "asset": 1585326170200,
    "meta": 1585326172899,
    "relativePath": "images\\khc1.png"
  },
  "e66baab2-9c64-418c-9d08-04bf1a4817cd": {
    "asset": 1585326170222,
    "meta": 1585326172943,
    "relativePath": "images\\purpleBox.png"
  },
  "7f6f5ca1-5d19-4df6-9711-0f7d4ceba74b": {
    "asset": 1585326170217,
    "meta": 1585326172960,
    "relativePath": "images\\logos2.png"
  },
  "ee0c9ae8-3c72-4e87-8005-d1fefb454170": {
    "asset": 1585326170228,
    "meta": 1585326173010,
    "relativePath": "images\\dsy1.png"
  },
  "f93c0f91-5579-4c1f-a671-6cbd42c88ad4": {
    "asset": 1585326170222,
    "meta": 1585326173025,
    "relativePath": "images\\xsx1.png"
  },
  "ccbfdb6d-d10c-4bb1-8d2d-343cfa77cdf8": {
    "asset": 1585326170230,
    "meta": 1585326173087,
    "relativePath": "images\\logos.png"
  },
  "61b2e97e-fcb2-4e21-9f64-a6a12824882a": {
    "asset": 1585326170233,
    "meta": 1585326173102,
    "relativePath": "images\\xsy1.png"
  },
  "9cf04ff8-9d21-48a1-8582-a3935947ad93": {
    "asset": 1585326170239,
    "meta": 1585326173180,
    "relativePath": "images\\home.png"
  },
  "5d42fcbc-0981-41f3-8610-1b0513a347a1": {
    "asset": 1585326170247,
    "meta": 1585326173224,
    "relativePath": "images\\游戏截图 (1).PNG"
  },
  "ec4ae21f-aa0e-4d7f-a85a-29c141d8f4e7": {
    "asset": 1586186197336,
    "meta": 1585370328138,
    "relativePath": "prefabs"
  },
  "fc853b88-531a-4e21-85fb-7e7facac48a9": {
    "asset": 1586077612281,
    "meta": 1586077612290,
    "relativePath": "prefabs\\WagerButton.prefab"
  },
  "4f87c4e2-5e1b-45cd-a251-25e9eb81b300": {
    "asset": 1585415065245,
    "meta": 1585415068106,
    "relativePath": "scripts\\WagerState.ts"
  },
  "eb6e0d52-6062-451c-b801-35371cddf24e": {
    "asset": 1585418346789,
    "meta": 1585418350480,
    "relativePath": "scripts\\GameStateLabel.ts"
  },
  "d6e06648-210d-4005-ad7c-e8e25f8425d9": {
    "asset": 1586278069226,
    "meta": 1586278069278,
    "relativePath": "game.fire"
  },
  "c495c8c0-d0b7-4a7e-8981-a10ff397baaf": {
    "asset": 1585419061223,
    "meta": 1585419061212,
    "relativePath": "images\\MM"
  },
  "1426a92c-7c43-41e4-ab62-e9f5e57012fb": {
    "asset": 1585419061204,
    "meta": 1585419061262,
    "relativePath": "images\\MM\\addjingbi.png"
  },
  "35527ba2-5e21-49a5-a86f-472ad2b713b7": {
    "asset": 1585419061204,
    "meta": 1585419061269,
    "relativePath": "images\\MM\\bg.png"
  },
  "f2e0c39e-b566-499b-88d3-46cae9f209a0": {
    "asset": 1585419061204,
    "meta": 1585419061278,
    "relativePath": "images\\MM\\haoping.png"
  },
  "141b80b5-f805-40d1-8ec3-43659bf7d722": {
    "asset": 1585419061204,
    "meta": 1585419061281,
    "relativePath": "images\\MM\\haoping2.png"
  },
  "33e86943-a958-446a-ae6f-3eeef6abbe78": {
    "asset": 1585419061206,
    "meta": 1585419061300,
    "relativePath": "images\\MM\\MM_0001.png"
  },
  "ddfe2ca6-7fd2-4b21-9a40-bb50e1a14ff8": {
    "asset": 1585419061207,
    "meta": 1585419061302,
    "relativePath": "images\\MM\\MM_0000.png"
  },
  "f3036a07-f97f-4677-9bf4-482a33df799c": {
    "asset": 1585419061206,
    "meta": 1585419061320,
    "relativePath": "images\\MM\\MM_0002.png"
  },
  "fd7c9f8f-138a-45b5-a215-e2e3689bbc3c": {
    "asset": 1585419061206,
    "meta": 1585419061323,
    "relativePath": "images\\MM\\MM_0003.png"
  },
  "a8f9af5c-adb1-46f6-b2a8-ed2d7770711b": {
    "asset": 1585419061206,
    "meta": 1585419061340,
    "relativePath": "images\\MM\\MM_0005.png"
  },
  "50d7b806-5014-49b8-aea4-3f11295fc960": {
    "asset": 1585419061206,
    "meta": 1585419061343,
    "relativePath": "images\\MM\\MM_0004.png"
  },
  "aeb82363-292a-4826-9215-50dffc35fce9": {
    "asset": 1585419061204,
    "meta": 1585419061357,
    "relativePath": "images\\MM\\moregame.png"
  },
  "97a6cb9e-48e3-40ff-9f81-4d82b8933115": {
    "asset": 1585419061206,
    "meta": 1585419061361,
    "relativePath": "images\\MM\\MM_0006.png"
  },
  "7c25bc83-bee1-44c9-a6d0-e95fed05c15d": {
    "asset": 1585670918727,
    "meta": 1585670918747,
    "relativePath": "anim\\cursor.anim"
  },
  "6342e1f8-b0e2-4de1-ab15-ca2a7ce14a5a": {
    "asset": 1586186080901,
    "meta": 1585584541976,
    "relativePath": "anim"
  },
  "d7120584-2b7b-42dc-a2e0-6de5a777c86b": {
    "asset": 1585671305857,
    "meta": 1586180015919,
    "relativePath": "fonts\\LHJFont.labelatlas"
  },
  "5e218561-6ab4-4d05-9938-72e9be348eaf": {
    "asset": 1585671467383,
    "meta": 1585671311235,
    "relativePath": "fonts"
  },
  "b98585cc-33ca-4366-9951-f1ece5df6c9a": {
    "asset": 1585673035721,
    "meta": 1585673036262,
    "relativePath": "scripts\\WagerLabel.ts"
  },
  "d6e17ab4-fe82-4e49-b18c-fcce8f8becf8": {
    "asset": 1585673081467,
    "meta": 1585673118326,
    "relativePath": "scripts\\BoardMap.ts"
  },
  "0977fc4b-39a2-49f6-9135-4481cd9c2aae": {
    "asset": 1585676540065,
    "meta": 1585676546657,
    "relativePath": "scripts\\State.ts"
  },
  "f155e241-2280-437e-96a7-7910f7a04b5e": {
    "asset": 1585676788085,
    "meta": 1585676788023,
    "relativePath": "sounds"
  },
  "f9984827-11df-4a26-8e22-3a4fb1c9fb1d": {
    "asset": 1486122530000,
    "meta": 1585676788104,
    "relativePath": "sounds\\BAR.mp3"
  },
  "38d9ce0c-60f9-4555-ba5a-50c65855cc6c": {
    "asset": 1486122530000,
    "meta": 1585676788107,
    "relativePath": "sounds\\BACK_GROUND.mp3"
  },
  "6405aa06-e800-478b-8ab0-5b22843bbd7c": {
    "asset": 1486122530000,
    "meta": 1585676788110,
    "relativePath": "sounds\\bg.mp3"
  },
  "ec3afd46-71fe-4756-b07c-1878ddc59241": {
    "asset": 1486122530000,
    "meta": 1585677212948,
    "relativePath": "sounds\\bs.mp3"
  },
  "def18902-1d66-471a-8f21-428a1b011a42": {
    "asset": 1486122530000,
    "meta": 1585676788117,
    "relativePath": "sounds\\bswin.mp3"
  },
  "48aa1296-7a8c-4539-897b-729f7e5efc00": {
    "asset": 1486122530000,
    "meta": 1585676788120,
    "relativePath": "sounds\\chidiao.mp3"
  },
  "9698fb10-df1c-4420-beb2-b692608b2dca": {
    "asset": 1486122530000,
    "meta": 1585676788124,
    "relativePath": "sounds\\coinGet.mp3"
  },
  "f924ce69-29d2-4162-aa66-9b9697024287": {
    "asset": 1486122530000,
    "meta": 1585676788126,
    "relativePath": "sounds\\D_SEVEN.mp3"
  },
  "2067d998-77aa-4312-8f00-edb976118bcc": {
    "asset": 1486122530000,
    "meta": 1585676788133,
    "relativePath": "sounds\\D_STAR.mp3"
  },
  "b15d5566-be4b-4f9b-9fa8-3f80fbb1725e": {
    "asset": 1486122530000,
    "meta": 1585676788134,
    "relativePath": "sounds\\open.mp3"
  },
  "4f9e593a-6dbe-4374-953f-9827b414f065": {
    "asset": 1486122530000,
    "meta": 1585676788139,
    "relativePath": "sounds\\run.mp3"
  },
  "f53ea2c9-2a0d-46da-a8fb-089ff2edb837": {
    "asset": 1486122530000,
    "meta": 1585676788140,
    "relativePath": "sounds\\s1.mp3"
  },
  "bc7068d9-fded-434e-aaae-57cb13a6aade": {
    "asset": 1486122530000,
    "meta": 1585676788143,
    "relativePath": "sounds\\s3.mp3"
  },
  "4ed6c4c8-1e72-49c1-a0b8-d6100262eb00": {
    "asset": 1486122530000,
    "meta": 1585676788146,
    "relativePath": "sounds\\s2.mp3"
  },
  "75798236-c764-4cf6-a110-551f57f1b0a3": {
    "asset": 1486122530000,
    "meta": 1585676788149,
    "relativePath": "sounds\\s5.mp3"
  },
  "0630eee9-3286-45c1-9e72-2d1a770a6128": {
    "asset": 1486122530000,
    "meta": 1585676788151,
    "relativePath": "sounds\\s4.mp3"
  },
  "6747e6de-4e68-477a-846e-3cc0ac9888ec": {
    "asset": 1486122530000,
    "meta": 1585676788157,
    "relativePath": "sounds\\s6.mp3"
  },
  "1aede79f-2142-4786-b1cb-3c008b949eda": {
    "asset": 1486122530000,
    "meta": 1585676788158,
    "relativePath": "sounds\\s7.mp3"
  },
  "5c853ebf-906b-4b8b-adff-7c7dd605647e": {
    "asset": 1486122530000,
    "meta": 1585676788167,
    "relativePath": "sounds\\train.mp3"
  },
  "850919b4-e467-4f1c-aa22-c2a0002c2d2c": {
    "asset": 1486122530000,
    "meta": 1585676788169,
    "relativePath": "sounds\\s8.mp3"
  },
  "c8934f38-7446-4274-a698-4cb943ac400a": {
    "asset": 1486122530000,
    "meta": 1585676788173,
    "relativePath": "sounds\\TURN_START.mp3"
  },
  "57e44296-930f-4ae2-9fd6-84006dd6ba97": {
    "asset": 1486122530000,
    "meta": 1585676788175,
    "relativePath": "sounds\\w1.mp3"
  },
  "7ccbe4ad-982a-427c-ad8a-adb6ea798113": {
    "asset": 1486122530000,
    "meta": 1585676788179,
    "relativePath": "sounds\\w2.mp3"
  },
  "4f18b589-287d-465c-9df7-d5aff71b3603": {
    "asset": 1486122530000,
    "meta": 1585676788182,
    "relativePath": "sounds\\w3.mp3"
  },
  "8d45f829-3bba-4720-a846-1c2f6afd1f83": {
    "asset": 1486122530000,
    "meta": 1585676788188,
    "relativePath": "sounds\\w4.mp3"
  },
  "8b1aa8fa-ff96-4bbe-8564-7a03215d06d6": {
    "asset": 1486122530000,
    "meta": 1585676788189,
    "relativePath": "sounds\\w5.mp3"
  },
  "aa516310-8284-4970-837f-c11fbb791955": {
    "asset": 1486122530000,
    "meta": 1585676788196,
    "relativePath": "sounds\\w6.mp3"
  },
  "6b533d5d-87b6-4ef6-a727-0d1020a278ca": {
    "asset": 1486122530000,
    "meta": 1585676788198,
    "relativePath": "sounds\\w7.mp3"
  },
  "e4d86311-25ab-498a-84cf-12240deab727": {
    "asset": 1486122530000,
    "meta": 1585676788202,
    "relativePath": "sounds\\w8.mp3"
  },
  "63801640-3185-49a5-9e65-2327b6bba118": {
    "asset": 1486122530000,
    "meta": 1585676788204,
    "relativePath": "sounds\\w9.mp3"
  },
  "ab662a8d-a61c-4e1b-920c-c9ce1780d0a1": {
    "asset": 1486122530000,
    "meta": 1585676788207,
    "relativePath": "sounds\\WATERMELON.mp3"
  },
  "ac0ec43c-2af8-4179-ac73-87a63194e37c": {
    "asset": 1586179992209,
    "meta": 1586179995906,
    "relativePath": "images\\num_redx.png"
  },
  "0261a98a-a16b-46e7-9f60-6fe45ee04bb5": {
    "asset": 1586186018446,
    "meta": 1586186020559,
    "relativePath": "anim\\light.anim"
  },
  "792d3e89-07d2-48ff-a605-8cdcdea324a4": {
    "asset": 1586186366178,
    "meta": 1586186366196,
    "relativePath": "anim\\light-clip.anim"
  },
  "2b9121df-b4bd-4a1b-b911-39478f012afc": {
    "asset": 1586186197280,
    "meta": 1586186197337,
    "relativePath": "prefabs\\Light.prefab"
  },
  "c0a7d2b8-bc43-4b7b-b3e9-77d04e94af9d": {
    "asset": 1586186494347,
    "meta": 1586186497966,
    "relativePath": "scripts\\GameState.ts"
  },
  "0a7ae7ff-1a22-4bf0-a1d4-900c571acd13": {
    "asset": 1586191984512,
    "meta": 1586192010530,
    "relativePath": "scripts\\ScoreMap.ts"
  },
  "b7faabed-5b74-4f0a-8e9e-bea67e606f3d": {
    "asset": 1586192150005,
    "meta": 1586192155223,
    "relativePath": "scripts\\BtnCallbacks.ts"
  },
  "fbbd90ac-b47e-40ea-a132-2729b1733e97": {
    "asset": 1586192077448,
    "meta": 1586192155272,
    "relativePath": "scripts\\WagerButton.ts"
  },
  "39af1fe1-7162-42bf-b412-2cb90f46692b": {
    "asset": 1586274465948,
    "meta": 1586274465995,
    "relativePath": "anim\\flash.anim"
  },
  "8a15b3fe-9734-4dbd-93f1-8615e6ce52b7": {
    "asset": 1586274910512,
    "meta": 1586274975657,
    "relativePath": "sounds\\success.mp3"
  },
  "3c71a58c-1f50-4a2b-88aa-5e0d1fce220d": {
    "asset": 1586275750616,
    "meta": 1586275770472,
    "relativePath": "scripts\\ClickSoundPlay.ts"
  },
  "8af6a903-3e82-4c23-80ae-3aa422b42926": {
    "asset": 1586276447879,
    "meta": 1586276448618,
    "relativePath": "scripts\\FlashRun.ts"
  },
  "eb89b679-cf5d-4a6b-93b9-7f04a87a4d72": {
    "asset": 1586277138728,
    "meta": 1586277143112,
    "relativePath": "scripts\\Cursor.ts"
  },
  "5968976b-ff5d-4bbb-9afd-4fddb304b44e": {
    "asset": 1586277222720,
    "meta": 1586277255311,
    "relativePath": "images\\more2.png"
  },
  "7308b079-e7ea-4753-802f-be92636ef6b9": {
    "asset": 1586277250630,
    "meta": 1586277255334,
    "relativePath": "images\\more1.png"
  },
  "3496bc2b-3b98-45be-9117-e1f8b4157b21": {
    "asset": 1586277972155,
    "meta": 1586277973285,
    "relativePath": "scripts\\Ads.ts"
  }
}