{
  "__type__": "cc.LabelAtlas",
  "_name": "LHJFont",
  "_objFlags": 0,
  "_native": "",
  "fntDataStr": "",
  "spriteFrame": {
    "__uuid__": "44046c89-f7dc-4764-8b8f-6c983dbd4c08"
  },
  "fontSize": 51.04,
  "_fntConfig": {
    "commonHeight": 58,
    "fontSize": 51,
    "atlasName": "num_redx",
    "fontDefDictionary": {
      "48": {
        "rect": {
          "x": 0,
          "y": 0,
          "width": 40,
          "height": 58
        },
        "xOffset": 0,
        "yOffset": 0,
        "xAdvance": 40
      },
      "49": {
        "rect": {
          "x": 40,
          "y": 0,
          "width": 40,
          "height": 58
        },
        "xOffset": 0,
        "yOffset": 0,
        "xAdvance": 40
      },
      "50": {
        "rect": {
          "x": 80,
          "y": 0,
          "width": 40,
          "height": 58
        },
        "xOffset": 0,
        "yOffset": 0,
        "xAdvance": 40
      },
      "51": {
        "rect": {
          "x": 120,
          "y": 0,
          "width": 40,
          "height": 58
        },
        "xOffset": 0,
        "yOffset": 0,
        "xAdvance": 40
      },
      "52": {
        "rect": {
          "x": 160,
          "y": 0,
          "width": 40,
          "height": 58
        },
        "xOffset": 0,
        "yOffset": 0,
        "xAdvance": 40
      },
      "53": {
        "rect": {
          "x": 200,
          "y": 0,
          "width": 40,
          "height": 58
        },
        "xOffset": 0,
        "yOffset": 0,
        "xAdvance": 40
      },
      "54": {
        "rect": {
          "x": 240,
          "y": 0,
          "width": 40,
          "height": 58
        },
        "xOffset": 0,
        "yOffset": 0,
        "xAdvance": 40
      },
      "55": {
        "rect": {
          "x": 280,
          "y": 0,
          "width": 40,
          "height": 58
        },
        "xOffset": 0,
        "yOffset": 0,
        "xAdvance": 40
      },
      "56": {
        "rect": {
          "x": 320,
          "y": 0,
          "width": 40,
          "height": 58
        },
        "xOffset": 0,
        "yOffset": 0,
        "xAdvance": 40
      },
      "57": {
        "rect": {
          "x": 360,
          "y": 0,
          "width": 40,
          "height": 58
        },
        "xOffset": 0,
        "yOffset": 0,
        "xAdvance": 40
      }
    },
    "kerningDict": {}
  },
  "_fontDefDictionary": null
}