{
  "__type__": "cc.AnimationClip",
  "_name": "flash",
  "_objFlags": 0,
  "_native": "",
  "_duration": 0.1875,
  "sample": 16,
  "speed": 1,
  "wrapMode": 1,
  "curveData": {
    "comps": {
      "cc.Sprite": {
        "spriteFrame": [
          {
            "frame": 0,
            "value": {
              "__uuid__": "f94b9d1d-f9d8-42a0-9268-59798236e54d"
            }
          },
          {
            "frame": 0.125,
            "value": {
              "__uuid__": "6814db47-c269-496e-8583-412cd2ceea28"
            }
          }
        ]
      }
    }
  },
  "events": []
}