{
  "frames": {
    "back-button-disabled-skin0000": {
      "frame": {
        "h": 45, 
        "w": 37, 
        "x": 420, 
        "y": 301
      }, 
      "rotated": false, 
      "sourceSize": {
        "h": 45, 
        "w": 37
      }, 
      "spriteSourceSize": {
        "h": 45, 
        "w": 37, 
        "x": 0, 
        "y": 0
      }, 
      "trimmed": false
    }, 
    "back-button-down-skin0000": {
      "frame": {
        "h": 45, 
        "w": 37, 
        "x": 468, 
        "y": 259
      }, 
      "rotated": false, 
      "sourceSize": {
        "h": 45, 
        "w": 37
      }, 
      "spriteSourceSize": {
        "h": 45, 
        "w": 37, 
        "x": 0, 
        "y": 0
      }, 
      "trimmed": false
    }, 
    "back-button-up-skin0000": {
      "frame": {
        "h": 45, 
        "w": 37, 
        "x": 205, 
        "y": 301
      }, 
      "rotated": false, 
      "sourceSize": {
        "h": 45, 
        "w": 37
      }, 
      "spriteSourceSize": {
        "h": 45, 
        "w": 37, 
        "x": 0, 
        "y": 0
      }, 
      "trimmed": false
    }, 
    "background-danger-popup-skin0000": {
      "frame": {
        "h": 12, 
        "w": 13, 
        "x": 383, 
        "y": 388
      }, 
      "rotated": false, 
      "sourceSize": {
        "h": 12, 
        "w": 13
      }, 
      "spriteSourceSize": {
        "h": 12, 
        "w": 13, 
        "x": 0, 
        "y": 0
      }, 
      "trimmed": false
    }, 
    "background-danger-skin0000": {
      "frame": {
        "h": 16, 
        "w": 16, 
        "x": 481, 
        "y": 42
      }, 
      "rotated": false, 
      "sourceSize": {
        "h": 16, 
        "w": 16
      }, 
      "spriteSourceSize": {
        "h": 16, 
        "w": 16, 
        "x": 0, 
        "y": 0
      }, 
      "trimmed": false
    }, 
    "background-disabled-skin0000": {
      "frame": {
        "h": 16, 
        "w": 16, 
        "x": 364, 
        "y": 413
      }, 
      "rotated": false, 
      "sourceSize": {
        "h": 16, 
        "w": 16
      }, 
      "spriteSourceSize": {
        "h": 16, 
        "w": 16, 
        "x": 0, 
        "y": 0
      }, 
      "trimmed": false
    }, 
    "background-focused-skin0000": {
      "frame": {
        "h": 16, 
        "w": 16, 
        "x": 128, 
        "y": 415
      }, 
      "rotated": false, 
      "sourceSize": {
        "h": 16, 
        "w": 16
      }, 
      "spriteSourceSize": {
        "h": 16, 
        "w": 16, 
        "x": 0, 
        "y": 0
      }, 
      "trimmed": false
    }, 
    "background-popup-skin0000": {
      "frame": {
        "h": 12, 
        "w": 13, 
        "x": 28, 
        "y": 331
      }, 
      "rotated": false, 
      "sourceSize": {
        "h": 12, 
        "w": 13
      }, 
      "spriteSourceSize": {
        "h": 12, 
        "w": 13, 
        "x": 0, 
        "y": 0
      }, 
      "trimmed": false
    }, 
    "background-skin0000": {
      "frame": {
        "h": 16, 
        "w": 16, 
        "x": 330, 
        "y": 413
      }, 
      "rotated": false, 
      "sourceSize": {
        "h": 16, 
        "w": 16
      }, 
      "spriteSourceSize": {
        "h": 16, 
        "w": 16, 
        "x": 0, 
        "y": 0
      }, 
      "trimmed": false
    }, 
    "button-disabled-skin0000": {
      "frame": {
        "h": 44, 
        "w": 14, 
        "x": 203, 
        "y": 380
      }, 
      "rotated": false, 
      "sourceSize": {
        "h": 44, 
        "w": 14
      }, 
      "spriteSourceSize": {
        "h": 44, 
        "w": 14, 
        "x": 0, 
        "y": 0
      }, 
      "trimmed": false
    }, 
    "button-down-skin0000": {
      "frame": {
        "h": 44, 
        "w": 14, 
        "x": 218, 
        "y": 380
      }, 
      "rotated": false, 
      "sourceSize": {
        "h": 44, 
        "w": 14
      }, 
      "spriteSourceSize": {
        "h": 44, 
        "w": 14, 
        "x": 0, 
        "y": 0
      }, 
      "trimmed": false
    }, 
    "button-up-skin0000": {
      "frame": {
        "h": 44, 
        "w": 14, 
        "x": 173, 
        "y": 380
      }, 
      "rotated": false, 
      "sourceSize": {
        "h": 44, 
        "w": 14
      }, 
      "spriteSourceSize": {
        "h": 44, 
        "w": 14, 
        "x": 0, 
        "y": 0
      }, 
      "trimmed": false
    }, 
    "call-to-action-button-down-skin0000": {
      "frame": {
        "h": 44, 
        "w": 14, 
        "x": 188, 
        "y": 380
      }, 
      "rotated": false, 
      "sourceSize": {
        "h": 44, 
        "w": 14
      }, 
      "spriteSourceSize": {
        "h": 44, 
        "w": 14, 
        "x": 0, 
        "y": 0
      }, 
      "trimmed": false
    }, 
    "call-to-action-button-up-skin0000": {
      "frame": {
        "h": 45, 
        "w": 14, 
        "x": 243, 
        "y": 259
      }, 
      "rotated": false, 
      "sourceSize": {
        "h": 45, 
        "w": 14
      }, 
      "spriteSourceSize": {
        "h": 45, 
        "w": 14, 
        "x": 0, 
        "y": 0
      }, 
      "trimmed": false
    }, 
    "callout-arrow-bottom-skin0000": {
      "frame": {
        "h": 26, 
        "w": 40, 
        "x": 1, 
        "y": 304
      }, 
      "rotated": false, 
      "sourceSize": {
        "h": 26, 
        "w": 40
      }, 
      "spriteSourceSize": {
        "h": 26, 
        "w": 40, 
        "x": 0, 
        "y": 0
      }, 
      "trimmed": false
    }, 
    "callout-arrow-left-skin0000": {
      "frame": {
        "h": 40, 
        "w": 26, 
        "x": 481, 
        "y": 1
      }, 
      "rotated": false, 
      "sourceSize": {
        "h": 40, 
        "w": 26
      }, 
      "spriteSourceSize": {
        "h": 40, 
        "w": 26, 
        "x": 0, 
        "y": 0
      }, 
      "trimmed": false
    }, 
    "callout-arrow-right-skin0000": {
      "frame": {
        "h": 40, 
        "w": 26, 
        "x": 42, 
        "y": 304
      }, 
      "rotated": false, 
      "sourceSize": {
        "h": 40, 
        "w": 26
      }, 
      "spriteSourceSize": {
        "h": 40, 
        "w": 26, 
        "x": 0, 
        "y": 0
      }, 
      "trimmed": false
    }, 
    "callout-arrow-top-skin0000": {
      "frame": {
        "h": 26, 
        "w": 40, 
        "x": 129, 
        "y": 347
      }, 
      "rotated": false, 
      "sourceSize": {
        "h": 26, 
        "w": 40
      }, 
      "spriteSourceSize": {
        "h": 26, 
        "w": 40, 
        "x": 0, 
        "y": 0
      }, 
      "trimmed": false
    }, 
    "check-disabled-icon0000": {
      "frame": {
        "h": 32, 
        "w": 32, 
        "x": 170, 
        "y": 347
      }, 
      "rotated": false, 
      "sourceSize": {
        "h": 32, 
        "w": 32
      }, 
      "spriteSourceSize": {
        "h": 32, 
        "w": 32, 
        "x": 0, 
        "y": 0
      }, 
      "trimmed": false
    }, 
    "check-down-icon0000": {
      "frame": {
        "h": 32, 
        "w": 32, 
        "x": 203, 
        "y": 347
      }, 
      "rotated": false, 
      "sourceSize": {
        "h": 32, 
        "w": 32
      }, 
      "spriteSourceSize": {
        "h": 32, 
        "w": 32, 
        "x": 0, 
        "y": 0
      }, 
      "trimmed": false
    }, 
    "check-selected-disabled-icon0000": {
      "frame": {
        "h": 32, 
        "w": 32, 
        "x": 420, 
        "y": 347
      }, 
      "rotated": false, 
      "sourceSize": {
        "h": 32, 
        "w": 32
      }, 
      "spriteSourceSize": {
        "h": 32, 
        "w": 32, 
        "x": 0, 
        "y": 0
      }, 
      "trimmed": false
    }, 
    "check-selected-down-icon0000": {
      "frame": {
        "h": 32, 
        "w": 32, 
        "x": 236, 
        "y": 355
      }, 
      "rotated": false, 
      "sourceSize": {
        "h": 32, 
        "w": 32
      }, 
      "spriteSourceSize": {
        "h": 32, 
        "w": 32, 
        "x": 0, 
        "y": 0
      }, 
      "trimmed": false
    }, 
    "check-selected-up-icon0000": {
      "frame": {
        "h": 32, 
        "w": 32, 
        "x": 269, 
        "y": 355
      }, 
      "rotated": false, 
      "sourceSize": {
        "h": 32, 
        "w": 32
      }, 
      "spriteSourceSize": {
        "h": 32, 
        "w": 32, 
        "x": 0, 
        "y": 0
      }, 
      "trimmed": false
    }, 
    "check-up-icon0000": {
      "frame": {
        "h": 32, 
        "w": 32, 
        "x": 302, 
        "y": 355
      }, 
      "rotated": false, 
      "sourceSize": {
        "h": 32, 
        "w": 32
      }, 
      "spriteSourceSize": {
        "h": 32, 
        "w": 32, 
        "x": 0, 
        "y": 0
      }, 
      "trimmed": false
    }, 
    "danger-button-down-skin0000": {
      "frame": {
        "h": 44, 
        "w": 14, 
        "x": 420, 
        "y": 380
      }, 
      "rotated": false, 
      "sourceSize": {
        "h": 44, 
        "w": 14
      }, 
      "spriteSourceSize": {
        "h": 44, 
        "w": 14, 
        "x": 0, 
        "y": 0
      }, 
      "trimmed": false
    }, 
    "danger-button-up-skin0000": {
      "frame": {
        "h": 45, 
        "w": 14, 
        "x": 243, 
        "y": 305
      }, 
      "rotated": false, 
      "sourceSize": {
        "h": 45, 
        "w": 14
      }, 
      "spriteSourceSize": {
        "h": 45, 
        "w": 14, 
        "x": 0, 
        "y": 0
      }, 
      "trimmed": false
    }, 
    "danger-callout-arrow-bottom-skin0000": {
      "frame": {
        "h": 26, 
        "w": 40, 
        "x": 458, 
        "y": 305
      }, 
      "rotated": false, 
      "sourceSize": {
        "h": 26, 
        "w": 40
      }, 
      "spriteSourceSize": {
        "h": 26, 
        "w": 40, 
        "x": 0, 
        "y": 0
      }, 
      "trimmed": false
    }, 
    "danger-callout-arrow-left-skin0000": {
      "frame": {
        "h": 40, 
        "w": 26, 
        "x": 81, 
        "y": 347
      }, 
      "rotated": false, 
      "sourceSize": {
        "h": 40, 
        "w": 26
      }, 
      "spriteSourceSize": {
        "h": 40, 
        "w": 26, 
        "x": 0, 
        "y": 0
      }, 
      "trimmed": false
    }, 
    "danger-callout-arrow-right-skin0000": {
      "frame": {
        "h": 40, 
        "w": 26, 
        "x": 1, 
        "y": 331
      }, 
      "rotated": false, 
      "sourceSize": {
        "h": 40, 
        "w": 26
      }, 
      "spriteSourceSize": {
        "h": 40, 
        "w": 26, 
        "x": 0, 
        "y": 0
      }, 
      "trimmed": false
    }, 
    "danger-callout-arrow-top-skin0000": {
      "frame": {
        "h": 26, 
        "w": 40, 
        "x": 458, 
        "y": 332
      }, 
      "rotated": false, 
      "sourceSize": {
        "h": 26, 
        "w": 40
      }, 
      "spriteSourceSize": {
        "h": 26, 
        "w": 40, 
        "x": 0, 
        "y": 0
      }, 
      "trimmed": false
    }, 
    "focus-indicator-skin0000": {
      "frame": {
        "h": 22, 
        "w": 22, 
        "x": 51, 
        "y": 407
      }, 
      "rotated": false, 
      "sourceSize": {
        "h": 22, 
        "w": 22
      }, 
      "spriteSourceSize": {
        "h": 22, 
        "w": 22, 
        "x": 0, 
        "y": 0
      }, 
      "trimmed": false
    }, 
    "forward-button-disabled-skin0000": {
      "frame": {
        "h": 45, 
        "w": 37, 
        "x": 91, 
        "y": 301
      }, 
      "rotated": false, 
      "sourceSize": {
        "h": 45, 
        "w": 37
      }, 
      "spriteSourceSize": {
        "h": 45, 
        "w": 37, 
        "x": 0, 
        "y": 0
      }, 
      "trimmed": false
    }, 
    "forward-button-down-skin0000": {
      "frame": {
        "h": 45, 
        "w": 37, 
        "x": 129, 
        "y": 301
      }, 
      "rotated": false, 
      "sourceSize": {
        "h": 45, 
        "w": 37
      }, 
      "spriteSourceSize": {
        "h": 45, 
        "w": 37, 
        "x": 0, 
        "y": 0
      }, 
      "trimmed": false
    }, 
    "forward-button-up-skin0000": {
      "frame": {
        "h": 45, 
        "w": 37, 
        "x": 167, 
        "y": 301
      }, 
      "rotated": false, 
      "sourceSize": {
        "h": 45, 
        "w": 37
      }, 
      "spriteSourceSize": {
        "h": 45, 
        "w": 37, 
        "x": 0, 
        "y": 0
      }, 
      "trimmed": false
    }, 
    "full-screen-toggle-button-enter-down-icon0000": {
      "frame": {
        "h": 44, 
        "w": 44, 
        "x": 420, 
        "y": 124
      }, 
      "rotated": false, 
      "sourceSize": {
        "h": 44, 
        "w": 44
      }, 
      "spriteSourceSize": {
        "h": 44, 
        "w": 44, 
        "x": 0, 
        "y": 0
      }, 
      "trimmed": false
    }, 
    "full-screen-toggle-button-enter-up-icon0000": {
      "frame": {
        "h": 44, 
        "w": 44, 
        "x": 465, 
        "y": 124
      }, 
      "rotated": false, 
      "sourceSize": {
        "h": 44, 
        "w": 44
      }, 
      "spriteSourceSize": {
        "h": 44, 
        "w": 44, 
        "x": 0, 
        "y": 0
      }, 
      "trimmed": false
    }, 
    "full-screen-toggle-button-exit-down-icon0000": {
      "frame": {
        "h": 44, 
        "w": 44, 
        "x": 420, 
        "y": 169
      }, 
      "rotated": false, 
      "sourceSize": {
        "h": 44, 
        "w": 44
      }, 
      "spriteSourceSize": {
        "h": 44, 
        "w": 44, 
        "x": 0, 
        "y": 0
      }, 
      "trimmed": false
    }, 
    "full-screen-toggle-button-exit-up-icon0000": {
      "frame": {
        "h": 44, 
        "w": 44, 
        "x": 465, 
        "y": 169
      }, 
      "rotated": false, 
      "sourceSize": {
        "h": 44, 
        "w": 44
      }, 
      "spriteSourceSize": {
        "h": 44, 
        "w": 44, 
        "x": 0, 
        "y": 0
      }, 
      "trimmed": false
    }, 
    "header-background-skin0000": {
      "frame": {
        "h": 128, 
        "w": 256, 
        "x": 1, 
        "y": 1
      }, 
      "rotated": false, 
      "sourceSize": {
        "h": 128, 
        "w": 256
      }, 
      "spriteSourceSize": {
        "h": 128, 
        "w": 256, 
        "x": 0, 
        "y": 0
      }, 
      "trimmed": false
    }, 
    "header-popup-background-skin0000": {
      "frame": {
        "h": 128, 
        "w": 256, 
        "x": 1, 
        "y": 130
      }, 
      "rotated": false, 
      "sourceSize": {
        "h": 128, 
        "w": 256
      }, 
      "spriteSourceSize": {
        "h": 128, 
        "w": 256, 
        "x": 0, 
        "y": 0
      }, 
      "trimmed": false
    }, 
    "horizontal-scroll-bar-decrement-button-disabled-icon0000": {
      "frame": {
        "h": 8, 
        "w": 6, 
        "x": 235, 
        "y": 259
      }, 
      "rotated": false, 
      "sourceSize": {
        "h": 8, 
        "w": 6
      }, 
      "spriteSourceSize": {
        "h": 8, 
        "w": 6, 
        "x": 0, 
        "y": 0
      }, 
      "trimmed": false
    }, 
    "horizontal-scroll-bar-decrement-button-disabled-skin0000": {
      "frame": {
        "h": 24, 
        "w": 24, 
        "x": 103, 
        "y": 400
      }, 
      "rotated": false, 
      "sourceSize": {
        "h": 24, 
        "w": 24
      }, 
      "spriteSourceSize": {
        "h": 24, 
        "w": 24, 
        "x": 0, 
        "y": 0
      }, 
      "trimmed": false
    }, 
    "horizontal-scroll-bar-decrement-button-down-skin0000": {
      "frame": {
        "h": 24, 
        "w": 24, 
        "x": 383, 
        "y": 401
      }, 
      "rotated": false, 
      "sourceSize": {
        "h": 24, 
        "w": 24
      }, 
      "spriteSourceSize": {
        "h": 24, 
        "w": 24, 
        "x": 0, 
        "y": 0
      }, 
      "trimmed": false
    }, 
    "horizontal-scroll-bar-decrement-button-icon0000": {
      "frame": {
        "h": 8, 
        "w": 6, 
        "x": 235, 
        "y": 268
      }, 
      "rotated": false, 
      "sourceSize": {
        "h": 8, 
        "w": 6
      }, 
      "spriteSourceSize": {
        "h": 8, 
        "w": 6, 
        "x": 0, 
        "y": 0
      }, 
      "trimmed": false
    }, 
    "horizontal-scroll-bar-decrement-button-up-skin0000": {
      "frame": {
        "h": 24, 
        "w": 24, 
        "x": 475, 
        "y": 401
      }, 
      "rotated": false, 
      "sourceSize": {
        "h": 24, 
        "w": 24
      }, 
      "spriteSourceSize": {
        "h": 24, 
        "w": 24, 
        "x": 0, 
        "y": 0
      }, 
      "trimmed": false
    }, 
    "horizontal-scroll-bar-increment-button-disabled-icon0000": {
      "frame": {
        "h": 8, 
        "w": 6, 
        "x": 235, 
        "y": 277
      }, 
      "rotated": false, 
      "sourceSize": {
        "h": 8, 
        "w": 6
      }, 
      "spriteSourceSize": {
        "h": 8, 
        "w": 6, 
        "x": 0, 
        "y": 0
      }, 
      "trimmed": false
    }, 
    "horizontal-scroll-bar-increment-button-disabled-skin0000": {
      "frame": {
        "h": 24, 
        "w": 24, 
        "x": 26, 
        "y": 407
      }, 
      "rotated": false, 
      "sourceSize": {
        "h": 24, 
        "w": 24
      }, 
      "spriteSourceSize": {
        "h": 24, 
        "w": 24, 
        "x": 0, 
        "y": 0
      }, 
      "trimmed": false
    }, 
    "horizontal-scroll-bar-increment-button-down-skin0000": {
      "frame": {
        "h": 24, 
        "w": 24, 
        "x": 78, 
        "y": 388
      }, 
      "rotated": false, 
      "sourceSize": {
        "h": 24, 
        "w": 24
      }, 
      "spriteSourceSize": {
        "h": 24, 
        "w": 24, 
        "x": 0, 
        "y": 0
      }, 
      "trimmed": false
    }, 
    "horizontal-scroll-bar-increment-button-icon0000": {
      "frame": {
        "h": 8, 
        "w": 6, 
        "x": 501, 
        "y": 91
      }, 
      "rotated": false, 
      "sourceSize": {
        "h": 8, 
        "w": 6
      }, 
      "spriteSourceSize": {
        "h": 8, 
        "w": 6, 
        "x": 0, 
        "y": 0
      }, 
      "trimmed": false
    }, 
    "horizontal-scroll-bar-increment-button-up-skin0000": {
      "frame": {
        "h": 24, 
        "w": 24, 
        "x": 233, 
        "y": 388
      }, 
      "rotated": false, 
      "sourceSize": {
        "h": 24, 
        "w": 24
      }, 
      "spriteSourceSize": {
        "h": 24, 
        "w": 24, 
        "x": 0, 
        "y": 0
      }, 
      "trimmed": false
    }, 
    "horizontal-simple-scroll-bar-thumb-skin0000": {
      "frame": {
        "h": 20, 
        "w": 52, 
        "x": 28, 
        "y": 345
      }, 
      "rotated": false, 
      "sourceSize": {
        "h": 20, 
        "w": 52
      }, 
      "spriteSourceSize": {
        "h": 20, 
        "w": 52, 
        "x": 0, 
        "y": 0
      }, 
      "trimmed": false
    }, 
    "item-renderer-drill-down-accessory-icon0000": {
      "frame": {
        "h": 17, 
        "w": 12, 
        "x": 499, 
        "y": 305
      }, 
      "rotated": false, 
      "sourceSize": {
        "h": 17, 
        "w": 12
      }, 
      "spriteSourceSize": {
        "h": 17, 
        "w": 12, 
        "x": 0, 
        "y": 0
      }, 
      "trimmed": false
    }, 
    "item-renderer-drill-down-accessory-selected-icon0000": {
      "frame": {
        "h": 17, 
        "w": 12, 
        "x": 499, 
        "y": 323
      }, 
      "rotated": false, 
      "sourceSize": {
        "h": 17, 
        "w": 12
      }, 
      "spriteSourceSize": {
        "h": 17, 
        "w": 12, 
        "x": 0, 
        "y": 0
      }, 
      "trimmed": false
    }, 
    "item-renderer-hover-skin0000": {
      "frame": {
        "h": 6, 
        "w": 6, 
        "x": 235, 
        "y": 286
      }, 
      "rotated": false, 
      "sourceSize": {
        "h": 6, 
        "w": 6
      }, 
      "spriteSourceSize": {
        "h": 6, 
        "w": 6, 
        "x": 0, 
        "y": 0
      }, 
      "trimmed": false
    }, 
    "item-renderer-selected-up-skin0000": {
      "frame": {
        "h": 48, 
        "w": 6, 
        "x": 501, 
        "y": 42
      }, 
      "rotated": false, 
      "sourceSize": {
        "h": 48, 
        "w": 6
      }, 
      "spriteSourceSize": {
        "h": 48, 
        "w": 6, 
        "x": 0, 
        "y": 0
      }, 
      "trimmed": false
    }, 
    "item-renderer-up-skin0000": {
      "frame": {
        "h": 6, 
        "w": 6, 
        "x": 235, 
        "y": 293
      }, 
      "rotated": false, 
      "sourceSize": {
        "h": 6, 
        "w": 6
      }, 
      "spriteSourceSize": {
        "h": 6, 
        "w": 6, 
        "x": 0, 
        "y": 0
      }, 
      "trimmed": false
    }, 
    "list-background-skin0000": {
      "frame": {
        "h": 16, 
        "w": 16, 
        "x": 313, 
        "y": 413
      }, 
      "rotated": false, 
      "sourceSize": {
        "h": 16, 
        "w": 16
      }, 
      "spriteSourceSize": {
        "h": 16, 
        "w": 16, 
        "x": 0, 
        "y": 0
      }, 
      "trimmed": false
    }, 
    "mute-toggle-button-loud-down-icon0000": {
      "frame": {
        "h": 41, 
        "w": 47, 
        "x": 91, 
        "y": 259
      }, 
      "rotated": false, 
      "sourceSize": {
        "h": 41, 
        "w": 47
      }, 
      "spriteSourceSize": {
        "h": 41, 
        "w": 47, 
        "x": 0, 
        "y": 0
      }, 
      "trimmed": false
    }, 
    "mute-toggle-button-loud-up-icon0000": {
      "frame": {
        "h": 41, 
        "w": 47, 
        "x": 139, 
        "y": 259
      }, 
      "rotated": false, 
      "sourceSize": {
        "h": 41, 
        "w": 47
      }, 
      "spriteSourceSize": {
        "h": 41, 
        "w": 47, 
        "x": 0, 
        "y": 0
      }, 
      "trimmed": false
    }, 
    "mute-toggle-button-muted-down-icon0000": {
      "frame": {
        "h": 41, 
        "w": 47, 
        "x": 187, 
        "y": 259
      }, 
      "rotated": false, 
      "sourceSize": {
        "h": 41, 
        "w": 47
      }, 
      "spriteSourceSize": {
        "h": 41, 
        "w": 47, 
        "x": 0, 
        "y": 0
      }, 
      "trimmed": false
    }, 
    "mute-toggle-button-muted-up-icon0000": {
      "frame": {
        "h": 41, 
        "w": 47, 
        "x": 420, 
        "y": 259
      }, 
      "rotated": false, 
      "sourceSize": {
        "h": 41, 
        "w": 47
      }, 
      "spriteSourceSize": {
        "h": 41, 
        "w": 47, 
        "x": 0, 
        "y": 0
      }, 
      "trimmed": false
    }, 
    "overlay-play-pause-toggle-button-play-down-icon0000": {
      "frame": {
        "h": 176, 
        "w": 161, 
        "x": 258, 
        "y": 1
      }, 
      "rotated": false, 
      "sourceSize": {
        "h": 176, 
        "w": 161
      }, 
      "spriteSourceSize": {
        "h": 176, 
        "w": 161, 
        "x": 0, 
        "y": 0
      }, 
      "trimmed": false
    }, 
    "overlay-play-pause-toggle-button-play-up-icon0000": {
      "frame": {
        "h": 176, 
        "w": 161, 
        "x": 258, 
        "y": 178
      }, 
      "rotated": false, 
      "sourceSize": {
        "h": 176, 
        "w": 161
      }, 
      "spriteSourceSize": {
        "h": 176, 
        "w": 161, 
        "x": 0, 
        "y": 0
      }, 
      "trimmed": false
    }, 
    "page-indicator-disabled-symbol0000": {
      "frame": {
        "h": 20, 
        "w": 20, 
        "x": 74, 
        "y": 413
      }, 
      "rotated": false, 
      "sourceSize": {
        "h": 20, 
        "w": 20
      }, 
      "spriteSourceSize": {
        "h": 20, 
        "w": 20, 
        "x": 0, 
        "y": 0
      }, 
      "trimmed": false
    }, 
    "page-indicator-selected-disabled-symbol0000": {
      "frame": {
        "h": 20, 
        "w": 20, 
        "x": 233, 
        "y": 413
      }, 
      "rotated": false, 
      "sourceSize": {
        "h": 20, 
        "w": 20
      }, 
      "spriteSourceSize": {
        "h": 20, 
        "w": 20, 
        "x": 0, 
        "y": 0
      }, 
      "trimmed": false
    }, 
    "page-indicator-selected-symbol0000": {
      "frame": {
        "h": 20, 
        "w": 20, 
        "x": 69, 
        "y": 304
      }, 
      "rotated": false, 
      "sourceSize": {
        "h": 20, 
        "w": 20
      }, 
      "spriteSourceSize": {
        "h": 20, 
        "w": 20, 
        "x": 0, 
        "y": 0
      }, 
      "trimmed": false
    }, 
    "page-indicator-symbol0000": {
      "frame": {
        "h": 20, 
        "w": 20, 
        "x": 1, 
        "y": 413
      }, 
      "rotated": false, 
      "sourceSize": {
        "h": 20, 
        "w": 20
      }, 
      "spriteSourceSize": {
        "h": 20, 
        "w": 20, 
        "x": 0, 
        "y": 0
      }, 
      "trimmed": false
    }, 
    "picker-list-disabled-icon0000": {
      "frame": {
        "h": 16, 
        "w": 16, 
        "x": 69, 
        "y": 325
      }, 
      "rotated": false, 
      "sourceSize": {
        "h": 16, 
        "w": 16
      }, 
      "spriteSourceSize": {
        "h": 16, 
        "w": 16, 
        "x": 0, 
        "y": 0
      }, 
      "trimmed": false
    }, 
    "picker-list-icon0000": {
      "frame": {
        "h": 16, 
        "w": 16, 
        "x": 296, 
        "y": 413
      }, 
      "rotated": false, 
      "sourceSize": {
        "h": 16, 
        "w": 16
      }, 
      "spriteSourceSize": {
        "h": 16, 
        "w": 16, 
        "x": 0, 
        "y": 0
      }, 
      "trimmed": false
    }, 
    "picker-list-selected-icon0000": {
      "frame": {
        "h": 16, 
        "w": 16, 
        "x": 347, 
        "y": 413
      }, 
      "rotated": false, 
      "sourceSize": {
        "h": 16, 
        "w": 16
      }, 
      "spriteSourceSize": {
        "h": 16, 
        "w": 16, 
        "x": 0, 
        "y": 0
      }, 
      "trimmed": false
    }, 
    "play-pause-toggle-button-pause-down-icon0000": {
      "frame": {
        "h": 44, 
        "w": 44, 
        "x": 46, 
        "y": 259
      }, 
      "rotated": false, 
      "sourceSize": {
        "h": 44, 
        "w": 44
      }, 
      "spriteSourceSize": {
        "h": 44, 
        "w": 44, 
        "x": 0, 
        "y": 0
      }, 
      "trimmed": false
    }, 
    "play-pause-toggle-button-pause-up-icon0000": {
      "frame": {
        "h": 44, 
        "w": 44, 
        "x": 420, 
        "y": 214
      }, 
      "rotated": false, 
      "sourceSize": {
        "h": 44, 
        "w": 44
      }, 
      "spriteSourceSize": {
        "h": 44, 
        "w": 44, 
        "x": 0, 
        "y": 0
      }, 
      "trimmed": false
    }, 
    "play-pause-toggle-button-play-down-icon0000": {
      "frame": {
        "h": 44, 
        "w": 44, 
        "x": 465, 
        "y": 214
      }, 
      "rotated": false, 
      "sourceSize": {
        "h": 44, 
        "w": 44
      }, 
      "spriteSourceSize": {
        "h": 44, 
        "w": 44, 
        "x": 0, 
        "y": 0
      }, 
      "trimmed": false
    }, 
    "play-pause-toggle-button-play-up-icon0000": {
      "frame": {
        "h": 44, 
        "w": 44, 
        "x": 1, 
        "y": 259
      }, 
      "rotated": false, 
      "sourceSize": {
        "h": 44, 
        "w": 44
      }, 
      "spriteSourceSize": {
        "h": 44, 
        "w": 44, 
        "x": 0, 
        "y": 0
      }, 
      "trimmed": false
    }, 
    "pop-up-volume-slider-track-skin0000": {
      "frame": {
        "h": 60, 
        "w": 60, 
        "x": 420, 
        "y": 1
      }, 
      "rotated": false, 
      "sourceSize": {
        "h": 60, 
        "w": 60
      }, 
      "spriteSourceSize": {
        "h": 60, 
        "w": 60, 
        "x": 0, 
        "y": 0
      }, 
      "trimmed": false
    }, 
    "quiet-button-hover-skin0000": {
      "frame": {
        "h": 44, 
        "w": 14, 
        "x": 435, 
        "y": 380
      }, 
      "rotated": false, 
      "sourceSize": {
        "h": 44, 
        "w": 14
      }, 
      "spriteSourceSize": {
        "h": 44, 
        "w": 14, 
        "x": 0, 
        "y": 0
      }, 
      "trimmed": false
    }, 
    "radio-selected-disabled-icon0000": {
      "frame": {
        "h": 32, 
        "w": 32, 
        "x": 335, 
        "y": 355
      }, 
      "rotated": false, 
      "sourceSize": {
        "h": 32, 
        "w": 32
      }, 
      "spriteSourceSize": {
        "h": 32, 
        "w": 32, 
        "x": 0, 
        "y": 0
      }, 
      "trimmed": false
    }, 
    "radio-selected-down-icon0000": {
      "frame": {
        "h": 32, 
        "w": 32, 
        "x": 368, 
        "y": 355
      }, 
      "rotated": false, 
      "sourceSize": {
        "h": 32, 
        "w": 32
      }, 
      "spriteSourceSize": {
        "h": 32, 
        "w": 32, 
        "x": 0, 
        "y": 0
      }, 
      "trimmed": false
    }, 
    "radio-selected-up-icon0000": {
      "frame": {
        "h": 32, 
        "w": 32, 
        "x": 453, 
        "y": 359
      }, 
      "rotated": false, 
      "sourceSize": {
        "h": 32, 
        "w": 32
      }, 
      "spriteSourceSize": {
        "h": 32, 
        "w": 32, 
        "x": 0, 
        "y": 0
      }, 
      "trimmed": false
    }, 
    "search-disabled-icon0000": {
      "frame": {
        "h": 20, 
        "w": 20, 
        "x": 254, 
        "y": 413
      }, 
      "rotated": false, 
      "sourceSize": {
        "h": 20, 
        "w": 20
      }, 
      "spriteSourceSize": {
        "h": 20, 
        "w": 20, 
        "x": 0, 
        "y": 0
      }, 
      "trimmed": false
    }, 
    "search-icon0000": {
      "frame": {
        "h": 20, 
        "w": 20, 
        "x": 275, 
        "y": 413
      }, 
      "rotated": false, 
      "sourceSize": {
        "h": 20, 
        "w": 20
      }, 
      "spriteSourceSize": {
        "h": 20, 
        "w": 20, 
        "x": 0, 
        "y": 0
      }, 
      "trimmed": false
    }, 
    "seek-slider-progress-skin0000": {
      "frame": {
        "h": 16, 
        "w": 16, 
        "x": 450, 
        "y": 417
      }, 
      "rotated": false, 
      "sourceSize": {
        "h": 16, 
        "w": 16
      }, 
      "spriteSourceSize": {
        "h": 16, 
        "w": 16, 
        "x": 0, 
        "y": 0
      }, 
      "trimmed": false
    }, 
    "tab-disabled-skin0000": {
      "frame": {
        "h": 40, 
        "w": 24, 
        "x": 1, 
        "y": 372
      }, 
      "rotated": false, 
      "sourceSize": {
        "h": 40, 
        "w": 24
      }, 
      "spriteSourceSize": {
        "h": 40, 
        "w": 24, 
        "x": 0, 
        "y": 0
      }, 
      "trimmed": false
    }, 
    "tab-down-skin0000": {
      "frame": {
        "h": 40, 
        "w": 24, 
        "x": 129, 
        "y": 374
      }, 
      "rotated": false, 
      "sourceSize": {
        "h": 40, 
        "w": 24
      }, 
      "spriteSourceSize": {
        "h": 40, 
        "w": 24, 
        "x": 0, 
        "y": 0
      }, 
      "trimmed": false
    }, 
    "tab-selected-disabled-skin0000": {
      "frame": {
        "h": 40, 
        "w": 24, 
        "x": 28, 
        "y": 366
      }, 
      "rotated": false, 
      "sourceSize": {
        "h": 40, 
        "w": 24
      }, 
      "spriteSourceSize": {
        "h": 40, 
        "w": 24, 
        "x": 0, 
        "y": 0
      }, 
      "trimmed": false
    }, 
    "tab-selected-up-skin0000": {
      "frame": {
        "h": 41, 
        "w": 24, 
        "x": 486, 
        "y": 359
      }, 
      "rotated": false, 
      "sourceSize": {
        "h": 41, 
        "w": 24
      }, 
      "spriteSourceSize": {
        "h": 41, 
        "w": 24, 
        "x": 0, 
        "y": 0
      }, 
      "trimmed": false
    }, 
    "tab-up-skin0000": {
      "frame": {
        "h": 40, 
        "w": 24, 
        "x": 53, 
        "y": 366
      }, 
      "rotated": false, 
      "sourceSize": {
        "h": 40, 
        "w": 24
      }, 
      "spriteSourceSize": {
        "h": 40, 
        "w": 24, 
        "x": 0, 
        "y": 0
      }, 
      "trimmed": false
    }, 
    "toggle-button-selected-disabled-skin0000": {
      "frame": {
        "h": 44, 
        "w": 18, 
        "x": 154, 
        "y": 380
      }, 
      "rotated": false, 
      "sourceSize": {
        "h": 44, 
        "w": 18
      }, 
      "spriteSourceSize": {
        "h": 44, 
        "w": 18, 
        "x": 0, 
        "y": 0
      }, 
      "trimmed": false
    }, 
    "toggle-button-selected-up-skin0000": {
      "frame": {
        "h": 45, 
        "w": 18, 
        "x": 401, 
        "y": 355
      }, 
      "rotated": false, 
      "sourceSize": {
        "h": 45, 
        "w": 18
      }, 
      "spriteSourceSize": {
        "h": 45, 
        "w": 18, 
        "x": 0, 
        "y": 0
      }, 
      "trimmed": false
    }, 
    "vertical-scroll-bar-decrement-button-disabled-icon0000": {
      "frame": {
        "h": 6, 
        "w": 8, 
        "x": 501, 
        "y": 114
      }, 
      "rotated": false, 
      "sourceSize": {
        "h": 6, 
        "w": 8
      }, 
      "spriteSourceSize": {
        "h": 6, 
        "w": 8, 
        "x": 0, 
        "y": 0
      }, 
      "trimmed": false
    }, 
    "vertical-scroll-bar-decrement-button-disabled-skin0000": {
      "frame": {
        "h": 24, 
        "w": 24, 
        "x": 358, 
        "y": 388
      }, 
      "rotated": false, 
      "sourceSize": {
        "h": 24, 
        "w": 24
      }, 
      "spriteSourceSize": {
        "h": 24, 
        "w": 24, 
        "x": 0, 
        "y": 0
      }, 
      "trimmed": false
    }, 
    "vertical-scroll-bar-decrement-button-down-skin0000": {
      "frame": {
        "h": 24, 
        "w": 24, 
        "x": 450, 
        "y": 392
      }, 
      "rotated": false, 
      "sourceSize": {
        "h": 24, 
        "w": 24
      }, 
      "spriteSourceSize": {
        "h": 24, 
        "w": 24, 
        "x": 0, 
        "y": 0
      }, 
      "trimmed": false
    }, 
    "vertical-scroll-bar-decrement-button-icon0000": {
      "frame": {
        "h": 6, 
        "w": 8, 
        "x": 499, 
        "y": 341
      }, 
      "rotated": false, 
      "sourceSize": {
        "h": 6, 
        "w": 8
      }, 
      "spriteSourceSize": {
        "h": 6, 
        "w": 8, 
        "x": 0, 
        "y": 0
      }, 
      "trimmed": false
    }, 
    "vertical-scroll-bar-decrement-button-up-skin0000": {
      "frame": {
        "h": 24, 
        "w": 24, 
        "x": 258, 
        "y": 388
      }, 
      "rotated": false, 
      "sourceSize": {
        "h": 24, 
        "w": 24
      }, 
      "spriteSourceSize": {
        "h": 24, 
        "w": 24, 
        "x": 0, 
        "y": 0
      }, 
      "trimmed": false
    }, 
    "vertical-scroll-bar-increment-button-disabled-icon0000": {
      "frame": {
        "h": 6, 
        "w": 8, 
        "x": 501, 
        "y": 100
      }, 
      "rotated": false, 
      "sourceSize": {
        "h": 6, 
        "w": 8
      }, 
      "spriteSourceSize": {
        "h": 6, 
        "w": 8, 
        "x": 0, 
        "y": 0
      }, 
      "trimmed": false
    }, 
    "vertical-scroll-bar-increment-button-disabled-skin0000": {
      "frame": {
        "h": 24, 
        "w": 24, 
        "x": 283, 
        "y": 388
      }, 
      "rotated": false, 
      "sourceSize": {
        "h": 24, 
        "w": 24
      }, 
      "spriteSourceSize": {
        "h": 24, 
        "w": 24, 
        "x": 0, 
        "y": 0
      }, 
      "trimmed": false
    }, 
    "vertical-scroll-bar-increment-button-down-skin0000": {
      "frame": {
        "h": 24, 
        "w": 24, 
        "x": 308, 
        "y": 388
      }, 
      "rotated": false, 
      "sourceSize": {
        "h": 24, 
        "w": 24
      }, 
      "spriteSourceSize": {
        "h": 24, 
        "w": 24, 
        "x": 0, 
        "y": 0
      }, 
      "trimmed": false
    }, 
    "vertical-scroll-bar-increment-button-icon0000": {
      "frame": {
        "h": 6, 
        "w": 8, 
        "x": 501, 
        "y": 107
      }, 
      "rotated": false, 
      "sourceSize": {
        "h": 6, 
        "w": 8
      }, 
      "spriteSourceSize": {
        "h": 6, 
        "w": 8, 
        "x": 0, 
        "y": 0
      }, 
      "trimmed": false
    }, 
    "vertical-scroll-bar-increment-button-up-skin0000": {
      "frame": {
        "h": 24, 
        "w": 24, 
        "x": 333, 
        "y": 388
      }, 
      "rotated": false, 
      "sourceSize": {
        "h": 24, 
        "w": 24
      }, 
      "spriteSourceSize": {
        "h": 24, 
        "w": 24, 
        "x": 0, 
        "y": 0
      }, 
      "trimmed": false
    }, 
    "vertical-simple-scroll-bar-thumb-skin0000": {
      "frame": {
        "h": 52, 
        "w": 20, 
        "x": 108, 
        "y": 347
      }, 
      "rotated": false, 
      "sourceSize": {
        "h": 52, 
        "w": 20
      }, 
      "spriteSourceSize": {
        "h": 52, 
        "w": 20, 
        "x": 0, 
        "y": 0
      }, 
      "trimmed": false
    }, 
    "volume-slider-maximum-track-skin0000": {
      "frame": {
        "h": 30, 
        "w": 80, 
        "x": 420, 
        "y": 62
      }, 
      "rotated": false, 
      "sourceSize": {
        "h": 30, 
        "w": 80
      }, 
      "spriteSourceSize": {
        "h": 30, 
        "w": 80, 
        "x": 0, 
        "y": 0
      }, 
      "trimmed": false
    }, 
    "volume-slider-minimum-track-skin0000": {
      "frame": {
        "h": 30, 
        "w": 80, 
        "x": 420, 
        "y": 93
      }, 
      "rotated": false, 
      "sourceSize": {
        "h": 30, 
        "w": 80
      }, 
      "spriteSourceSize": {
        "h": 30, 
        "w": 80, 
        "x": 0, 
        "y": 0
      }, 
      "trimmed": false
    }
  }, 
  "grids": {
    "BACK_BUTTON_SCALE9_GRID": [
      "13", 
      "0", 
      "1", 
      "22"
    ], 
    "BUTTON_SCALE9_GRID": [
      "3", 
      "3", 
      "1", 
      "16"
    ], 
    "DEFAULT_SCALE9_GRID": [
      "3", 
      "3", 
      "1", 
      "1"
    ], 
    "FOCUS_INDICATOR_SCALE_9_GRID": [
      "5", 
      "5", 
      "1", 
      "1"
    ], 
    "FORWARD_BUTTON_SCALE9_GRID": [
      "3", 
      "0", 
      "1", 
      "22"
    ], 
    "HORIZONTAL_SCROLL_BAR_THUMB_SCALE_9_GRID": [
      "5", 
      "0", 
      "14", 
      "10"
    ], 
    "ITEM_RENDERER_SELECTED_SKIN_TEXTURE_REGION": [
      "1", 
      "1", 
      "1", 
      "22"
    ], 
    "ITEM_RENDERER_SKIN_TEXTURE_REGION": [
      "1", 
      "1", 
      "1", 
      "1"
    ], 
    "SCROLL_BAR_STEP_BUTTON_SCALE9_GRID": [
      "3", 
      "3", 
      "6", 
      "6"
    ], 
    "SIMPLE_SCALE9_GRID": [
      "2", 
      "2", 
      "1", 
      "1"
    ], 
    "TAB_SCALE9_GRID": [
      "7", 
      "7", 
      "1", 
      "11"
    ], 
    "TOGGLE_BUTTON_SCALE9_GRID": [
      "4", 
      "4", 
      "1", 
      "14"
    ], 
    "VERTICAL_SCROLL_BAR_THUMB_SCALE_9_GRID": [
      "0", 
      "5", 
      "10", 
      "14"
    ], 
    "VOLUME_SLIDER_TRACK_SCALE9_GRID": [
      "12", 
      "12", 
      "1", 
      "1"
    ]
  }, 
  "hoverSkin": true, 
  "meta": {
    "image": "metalworks_desktop.png", 
    "size": {
      "h": 512, 
      "w": 512
    }, 
    "version": "1.0"
  }, 
  "skins": {
    "button": {
      "down": {
        "scale9": "BUTTON_SCALE9_GRID", 
        "texture": "button-down-skin0000", 
        "type": "texture"
      }, 
      "up": {
        "scale9": "BUTTON_SCALE9_GRID", 
        "texture": "button-up-skin0000", 
        "type": "texture"
      }
    }, 
    "check": {
      "down": {
        "texture": "check-down-icon0000", 
        "type": "texture"
      }, 
      "selected_down": {
        "texture": "check-selected-down-icon0000", 
        "type": "texture"
      }, 
      "selected_up": {
        "texture": "check-selected-up-icon0000", 
        "type": "texture"
      }, 
      "up": {
        "texture": "check-up-icon0000", 
        "type": "texture"
      }
    }, 
    "scroll_bar": {
      "horizontal_track": {
        "scale9": "DEFAULT_SCALE9_GRID", 
        "texture": "background-skin0000", 
        "type": "texture"
      }, 
      "vertical_track": {
        "scale9": "DEFAULT_SCALE9_GRID", 
        "texture": "background-skin0000", 
        "type": "texture"
      }
    }, 
    "scroll_thumb": {
      "horizontal_up": {
        "middleWidth": 2, 
        "scale9": "HORIZONTAL_SCROLL_BAR_THUMB_SCALE9_GRID", 
        "texture": "horizontal-simple-scroll-bar-thumb-skin0000", 
        "type": "texture"
      }, 
      "vertical_up": {
        "centerHeight": 2, 
        "scale9": "VERTICAL_SCROLL_BAR_THUMB_SCALE9_GRID", 
        "texture": "vertical-simple-scroll-bar-thumb-skin0000", 
        "type": "texture"
      }
    }, 
    "toggle_button": {
      "down": {
        "scale9": "BUTTON_SCALE9_GRID", 
        "texture": "button-down-skin0000", 
        "type": "texture"
      }, 
      "selected_down": {
        "scale9": "BUTTON_SCALE9_GRID", 
        "texture": "button-down-skin0000", 
        "type": "texture"
      }, 
      "selected_up": {
        "scale9": "TOGGLE_BUTTON_SCALE9_GRID", 
        "texture": "toggle-button-selected-up-skin0000", 
        "type": "texture"
      }, 
      "up": {
        "scale9": "BUTTON_SCALE9_GRID", 
        "texture": "button-up-skin0000", 
        "type": "texture"
      }
    }
  }, 
  "textStyle": {
    "fill": "#000", 
    "fontFamily": "Droid Sans"
  }, 
  "themeScale": 2.0, 
  "thumbSkin": true
}