{
  "frames": {
    "background-popup-skin0000": {
      "frame": {
        "h": 58, 
        "w": 54, 
        "x": 277, 
        "y": 325
      }, 
      "rotated": false, 
      "sourceSize": {
        "h": 58, 
        "w": 54
      }, 
      "spriteSourceSize": {
        "h": 58, 
        "w": 54, 
        "x": 0, 
        "y": 0
      }, 
      "trimmed": false
    }, 
    "button-back-disabled-skin0000": {
      "frame": {
        "h": 100, 
        "w": 80, 
        "x": 365, 
        "y": 1
      }, 
      "rotated": false, 
      "sourceSize": {
        "h": 100, 
        "w": 80
      }, 
      "spriteSourceSize": {
        "h": 100, 
        "w": 80, 
        "x": 0, 
        "y": 0
      }, 
      "trimmed": false
    }, 
    "button-back-down-skin0000": {
      "frame": {
        "h": 100, 
        "w": 80, 
        "x": 285, 
        "y": 102
      }, 
      "rotated": false, 
      "sourceSize": {
        "h": 100, 
        "w": 80
      }, 
      "spriteSourceSize": {
        "h": 100, 
        "w": 80, 
        "x": 0, 
        "y": 0
      }, 
      "trimmed": false
    }, 
    "button-back-up-skin0000": {
      "frame": {
        "h": 100, 
        "w": 80, 
        "x": 366, 
        "y": 102
      }, 
      "rotated": false, 
      "sourceSize": {
        "h": 100, 
        "w": 80
      }, 
      "spriteSourceSize": {
        "h": 100, 
        "w": 80, 
        "x": 0, 
        "y": 0
      }, 
      "trimmed": false
    }, 
    "button-call-to-action-disabled-skin0000": {
      "frame": {
        "h": 100, 
        "w": 30, 
        "x": 425, 
        "y": 361
      }, 
      "rotated": false, 
      "sourceSize": {
        "h": 100, 
        "w": 30
      }, 
      "spriteSourceSize": {
        "h": 100, 
        "w": 30, 
        "x": 0, 
        "y": 0
      }, 
      "trimmed": false
    }, 
    "button-call-to-action-down-skin0000": {
      "frame": {
        "h": 100, 
        "w": 30, 
        "x": 363, 
        "y": 325
      }, 
      "rotated": false, 
      "sourceSize": {
        "h": 100, 
        "w": 30
      }, 
      "spriteSourceSize": {
        "h": 100, 
        "w": 30, 
        "x": 0, 
        "y": 0
      }, 
      "trimmed": false
    }, 
    "button-call-to-action-up-skin0000": {
      "frame": {
        "h": 100, 
        "w": 30, 
        "x": 478, 
        "y": 298
      }, 
      "rotated": false, 
      "sourceSize": {
        "h": 100, 
        "w": 30
      }, 
      "spriteSourceSize": {
        "h": 100, 
        "w": 30, 
        "x": 0, 
        "y": 0
      }, 
      "trimmed": false
    }, 
    "button-danger-disabled-skin0000": {
      "frame": {
        "h": 100, 
        "w": 30, 
        "x": 394, 
        "y": 361
      }, 
      "rotated": false, 
      "sourceSize": {
        "h": 100, 
        "w": 30
      }, 
      "spriteSourceSize": {
        "h": 100, 
        "w": 30, 
        "x": 0, 
        "y": 0
      }, 
      "trimmed": false
    }, 
    "button-danger-down-skin0000": {
      "frame": {
        "h": 100, 
        "w": 30, 
        "x": 1, 
        "y": 326
      }, 
      "rotated": false, 
      "sourceSize": {
        "h": 100, 
        "w": 30
      }, 
      "spriteSourceSize": {
        "h": 100, 
        "w": 30, 
        "x": 0, 
        "y": 0
      }, 
      "trimmed": false
    }, 
    "button-danger-up-skin0000": {
      "frame": {
        "h": 100, 
        "w": 30, 
        "x": 332, 
        "y": 325
      }, 
      "rotated": false, 
      "sourceSize": {
        "h": 100, 
        "w": 30
      }, 
      "spriteSourceSize": {
        "h": 100, 
        "w": 30, 
        "x": 0, 
        "y": 0
      }, 
      "trimmed": false
    }, 
    "button-disabled-skin0000": {
      "frame": {
        "h": 32, 
        "w": 32, 
        "x": 207, 
        "y": 452
      }, 
      "rotated": false, 
      "sourceSize": {
        "h": 32, 
        "w": 32
      }, 
      "spriteSourceSize": {
        "h": 32, 
        "w": 32, 
        "x": 0, 
        "y": 0
      }, 
      "trimmed": false
    }, 
    "button-down-skin0000": {
      "frame": {
        "h": 32, 
        "w": 32, 
        "x": 276, 
        "y": 459
      }, 
      "rotated": false, 
      "sourceSize": {
        "h": 32, 
        "w": 32
      }, 
      "spriteSourceSize": {
        "h": 32, 
        "w": 32, 
        "x": 0, 
        "y": 0
      }, 
      "trimmed": false
    }, 
    "button-forward-disabled-skin0000": {
      "frame": {
        "h": 100, 
        "w": 80, 
        "x": 204, 
        "y": 102
      }, 
      "rotated": false, 
      "sourceSize": {
        "h": 100, 
        "w": 80
      }, 
      "spriteSourceSize": {
        "h": 100, 
        "w": 80, 
        "x": 0, 
        "y": 0
      }, 
      "trimmed": false
    }, 
    "button-forward-down-skin0000": {
      "frame": {
        "h": 100, 
        "w": 80, 
        "x": 123, 
        "y": 102
      }, 
      "rotated": false, 
      "sourceSize": {
        "h": 100, 
        "w": 80
      }, 
      "spriteSourceSize": {
        "h": 100, 
        "w": 80, 
        "x": 0, 
        "y": 0
      }, 
      "trimmed": false
    }, 
    "button-forward-up-skin0000": {
      "frame": {
        "h": 100, 
        "w": 80, 
        "x": 1, 
        "y": 103
      }, 
      "rotated": false, 
      "sourceSize": {
        "h": 100, 
        "w": 80
      }, 
      "spriteSourceSize": {
        "h": 100, 
        "w": 80, 
        "x": 0, 
        "y": 0
      }, 
      "trimmed": false
    }, 
    "button-up-skin0000": {
      "frame": {
        "h": 32, 
        "w": 32, 
        "x": 174, 
        "y": 452
      }, 
      "rotated": false, 
      "sourceSize": {
        "h": 32, 
        "w": 32
      }, 
      "spriteSourceSize": {
        "h": 32, 
        "w": 32, 
        "x": 0, 
        "y": 0
      }, 
      "trimmed": false
    }, 
    "callout-arrow-bottom-skin0000": {
      "frame": {
        "h": 46, 
        "w": 79, 
        "x": 164, 
        "y": 203
      }, 
      "rotated": false, 
      "sourceSize": {
        "h": 46, 
        "w": 79
      }, 
      "spriteSourceSize": {
        "h": 46, 
        "w": 79, 
        "x": 0, 
        "y": 0
      }, 
      "trimmed": false
    }, 
    "callout-arrow-left-skin0000": {
      "frame": {
        "h": 87, 
        "w": 44, 
        "x": 447, 
        "y": 89
      }, 
      "rotated": false, 
      "sourceSize": {
        "h": 87, 
        "w": 44
      }, 
      "spriteSourceSize": {
        "h": 87, 
        "w": 44, 
        "x": 0, 
        "y": 0
      }, 
      "trimmed": false
    }, 
    "callout-arrow-right-skin0000": {
      "frame": {
        "h": 87, 
        "w": 44, 
        "x": 446, 
        "y": 1
      }, 
      "rotated": false, 
      "sourceSize": {
        "h": 87, 
        "w": 44
      }, 
      "spriteSourceSize": {
        "h": 87, 
        "w": 44, 
        "x": 0, 
        "y": 0
      }, 
      "trimmed": false
    }, 
    "callout-arrow-top-skin0000": {
      "frame": {
        "h": 48, 
        "w": 81, 
        "x": 82, 
        "y": 203
      }, 
      "rotated": false, 
      "sourceSize": {
        "h": 48, 
        "w": 81
      }, 
      "spriteSourceSize": {
        "h": 48, 
        "w": 81, 
        "x": 0, 
        "y": 0
      }, 
      "trimmed": false
    }, 
    "check-disabled-icon0000": {
      "frame": {
        "h": 60, 
        "w": 60, 
        "x": 286, 
        "y": 264
      }, 
      "rotated": false, 
      "sourceSize": {
        "h": 60, 
        "w": 60
      }, 
      "spriteSourceSize": {
        "h": 60, 
        "w": 60, 
        "x": 0, 
        "y": 0
      }, 
      "trimmed": false
    }, 
    "check-down-icon0000": {
      "frame": {
        "h": 60, 
        "w": 60, 
        "x": 408, 
        "y": 300
      }, 
      "rotated": false, 
      "sourceSize": {
        "h": 60, 
        "w": 60
      }, 
      "spriteSourceSize": {
        "h": 60, 
        "w": 60, 
        "x": 0, 
        "y": 0
      }, 
      "trimmed": false
    }, 
    "check-selected-disabled-icon0000": {
      "frame": {
        "h": 60, 
        "w": 60, 
        "x": 244, 
        "y": 203
      }, 
      "rotated": false, 
      "sourceSize": {
        "h": 60, 
        "w": 60
      }, 
      "spriteSourceSize": {
        "h": 60, 
        "w": 60, 
        "x": 0, 
        "y": 0
      }, 
      "trimmed": false
    }, 
    "check-selected-down-icon0000": {
      "frame": {
        "h": 60, 
        "w": 60, 
        "x": 305, 
        "y": 203
      }, 
      "rotated": false, 
      "sourceSize": {
        "h": 60, 
        "w": 60
      }, 
      "spriteSourceSize": {
        "h": 60, 
        "w": 60, 
        "x": 0, 
        "y": 0
      }, 
      "trimmed": false
    }, 
    "check-selected-up-icon0000": {
      "frame": {
        "h": 60, 
        "w": 60, 
        "x": 366, 
        "y": 203
      }, 
      "rotated": false, 
      "sourceSize": {
        "h": 60, 
        "w": 60
      }, 
      "spriteSourceSize": {
        "h": 60, 
        "w": 60, 
        "x": 0, 
        "y": 0
      }, 
      "trimmed": false
    }, 
    "check-up-icon0000": {
      "frame": {
        "h": 60, 
        "w": 60, 
        "x": 216, 
        "y": 325
      }, 
      "rotated": false, 
      "sourceSize": {
        "h": 60, 
        "w": 60
      }, 
      "spriteSourceSize": {
        "h": 60, 
        "w": 60, 
        "x": 0, 
        "y": 0
      }, 
      "trimmed": false
    }, 
    "grouped-list-footer-skin0000": {
      "frame": {
        "h": 20, 
        "w": 10, 
        "x": 492, 
        "y": 118
      }, 
      "rotated": false, 
      "sourceSize": {
        "h": 20, 
        "w": 10
      }, 
      "spriteSourceSize": {
        "h": 20, 
        "w": 10, 
        "x": 0, 
        "y": 0
      }, 
      "trimmed": false
    }, 
    "grouped-list-header-skin0000": {
      "frame": {
        "h": 20, 
        "w": 10, 
        "x": 492, 
        "y": 139
      }, 
      "rotated": false, 
      "sourceSize": {
        "h": 20, 
        "w": 10
      }, 
      "spriteSourceSize": {
        "h": 20, 
        "w": 10, 
        "x": 0, 
        "y": 0
      }, 
      "trimmed": false
    }, 
    "header-background-skin0000": {
      "frame": {
        "h": 122, 
        "w": 30, 
        "x": 447, 
        "y": 177
      }, 
      "rotated": false, 
      "sourceSize": {
        "h": 122, 
        "w": 30
      }, 
      "spriteSourceSize": {
        "h": 122, 
        "w": 30, 
        "x": 0, 
        "y": 0
      }, 
      "trimmed": false
    }, 
    "list-first-item-up-skin0000": {
      "frame": {
        "h": 22, 
        "w": 10, 
        "x": 491, 
        "y": 49
      }, 
      "rotated": false, 
      "sourceSize": {
        "h": 22, 
        "w": 10
      }, 
      "spriteSourceSize": {
        "h": 22, 
        "w": 10, 
        "x": 0, 
        "y": 0
      }, 
      "trimmed": false
    }, 
    "list-item-down-skin0000": {
      "frame": {
        "h": 22, 
        "w": 10, 
        "x": 492, 
        "y": 72
      }, 
      "rotated": false, 
      "sourceSize": {
        "h": 22, 
        "w": 10
      }, 
      "spriteSourceSize": {
        "h": 22, 
        "w": 10, 
        "x": 0, 
        "y": 0
      }, 
      "trimmed": false
    }, 
    "list-item-selected-skin0000": {
      "frame": {
        "h": 22, 
        "w": 10, 
        "x": 492, 
        "y": 95
      }, 
      "rotated": false, 
      "sourceSize": {
        "h": 22, 
        "w": 10
      }, 
      "spriteSourceSize": {
        "h": 22, 
        "w": 10, 
        "x": 0, 
        "y": 0
      }, 
      "trimmed": false
    }, 
    "list-item-up-skin0000": {
      "frame": {
        "h": 22, 
        "w": 10, 
        "x": 491, 
        "y": 26
      }, 
      "rotated": false, 
      "sourceSize": {
        "h": 22, 
        "w": 10
      }, 
      "spriteSourceSize": {
        "h": 22, 
        "w": 10, 
        "x": 0, 
        "y": 0
      }, 
      "trimmed": false
    }, 
    "page-indicator-normal-skin0000": {
      "frame": {
        "h": 41, 
        "w": 41, 
        "x": 32, 
        "y": 373
      }, 
      "rotated": false, 
      "sourceSize": {
        "h": 41, 
        "w": 41
      }, 
      "spriteSourceSize": {
        "h": 41, 
        "w": 41, 
        "x": 0, 
        "y": 0
      }, 
      "trimmed": false
    }, 
    "page-indicator-selected-skin0000": {
      "frame": {
        "h": 41, 
        "w": 41, 
        "x": 155, 
        "y": 372
      }, 
      "rotated": false, 
      "sourceSize": {
        "h": 41, 
        "w": 41
      }, 
      "spriteSourceSize": {
        "h": 41, 
        "w": 41, 
        "x": 0, 
        "y": 0
      }, 
      "trimmed": false
    }, 
    "picker-list-button-disabled-icon0000": {
      "frame": {
        "h": 13, 
        "w": 23, 
        "x": 32, 
        "y": 340
      }, 
      "rotated": false, 
      "sourceSize": {
        "h": 13, 
        "w": 23
      }, 
      "spriteSourceSize": {
        "h": 13, 
        "w": 23, 
        "x": 0, 
        "y": 0
      }, 
      "trimmed": false
    }, 
    "picker-list-button-icon0000": {
      "frame": {
        "h": 13, 
        "w": 23, 
        "x": 32, 
        "y": 326
      }, 
      "rotated": false, 
      "sourceSize": {
        "h": 13, 
        "w": 23
      }, 
      "spriteSourceSize": {
        "h": 13, 
        "w": 23, 
        "x": 0, 
        "y": 0
      }, 
      "trimmed": false
    }, 
    "pop-up-drawer-background-skin0000": {
      "frame": {
        "h": 14, 
        "w": 11, 
        "x": 492, 
        "y": 160
      }, 
      "rotated": false, 
      "sourceSize": {
        "h": 14, 
        "w": 11
      }, 
      "spriteSourceSize": {
        "h": 14, 
        "w": 11, 
        "x": 0, 
        "y": 0
      }, 
      "trimmed": false
    }, 
    "progress-bar-horizontal-background-disabled-skin0000": {
      "frame": {
        "h": 32, 
        "w": 33, 
        "x": 265, 
        "y": 417
      }, 
      "rotated": false, 
      "sourceSize": {
        "h": 32, 
        "w": 33
      }, 
      "spriteSourceSize": {
        "h": 32, 
        "w": 33, 
        "x": 0, 
        "y": 0
      }, 
      "trimmed": false
    }, 
    "progress-bar-horizontal-background-skin0000": {
      "frame": {
        "h": 32, 
        "w": 33, 
        "x": 209, 
        "y": 419
      }, 
      "rotated": false, 
      "sourceSize": {
        "h": 32, 
        "w": 33
      }, 
      "spriteSourceSize": {
        "h": 32, 
        "w": 33, 
        "x": 0, 
        "y": 0
      }, 
      "trimmed": false
    }, 
    "progress-bar-horizontal-fill-disabled-skin0000": {
      "frame": {
        "h": 32, 
        "w": 33, 
        "x": 231, 
        "y": 386
      }, 
      "rotated": false, 
      "sourceSize": {
        "h": 32, 
        "w": 33
      }, 
      "spriteSourceSize": {
        "h": 32, 
        "w": 33, 
        "x": 0, 
        "y": 0
      }, 
      "trimmed": false
    }, 
    "progress-bar-horizontal-fill-skin0000": {
      "frame": {
        "h": 32, 
        "w": 33, 
        "x": 175, 
        "y": 419
      }, 
      "rotated": false, 
      "sourceSize": {
        "h": 32, 
        "w": 33
      }, 
      "spriteSourceSize": {
        "h": 32, 
        "w": 33, 
        "x": 0, 
        "y": 0
      }, 
      "trimmed": false
    }, 
    "progress-bar-vertical-background-disabled-skin0000": {
      "frame": {
        "h": 33, 
        "w": 32, 
        "x": 74, 
        "y": 373
      }, 
      "rotated": false, 
      "sourceSize": {
        "h": 33, 
        "w": 32
      }, 
      "spriteSourceSize": {
        "h": 33, 
        "w": 32, 
        "x": 0, 
        "y": 0
      }, 
      "trimmed": false
    }, 
    "progress-bar-vertical-background-skin0000": {
      "frame": {
        "h": 33, 
        "w": 32, 
        "x": 74, 
        "y": 407
      }, 
      "rotated": false, 
      "sourceSize": {
        "h": 33, 
        "w": 32
      }, 
      "spriteSourceSize": {
        "h": 33, 
        "w": 32, 
        "x": 0, 
        "y": 0
      }, 
      "trimmed": false
    }, 
    "progress-bar-vertical-fill-disabled-skin0000": {
      "frame": {
        "h": 33, 
        "w": 32, 
        "x": 408, 
        "y": 264
      }, 
      "rotated": false, 
      "sourceSize": {
        "h": 33, 
        "w": 32
      }, 
      "spriteSourceSize": {
        "h": 33, 
        "w": 32, 
        "x": 0, 
        "y": 0
      }, 
      "trimmed": false
    }, 
    "progress-bar-vertical-fill-skin0000": {
      "frame": {
        "h": 33, 
        "w": 32, 
        "x": 32, 
        "y": 415
      }, 
      "rotated": false, 
      "sourceSize": {
        "h": 33, 
        "w": 32
      }, 
      "spriteSourceSize": {
        "h": 33, 
        "w": 32, 
        "x": 0, 
        "y": 0
      }, 
      "trimmed": false
    }, 
    "radio-disabled-icon0000": {
      "frame": {
        "h": 60, 
        "w": 60, 
        "x": 225, 
        "y": 264
      }, 
      "rotated": false, 
      "sourceSize": {
        "h": 60, 
        "w": 60
      }, 
      "spriteSourceSize": {
        "h": 60, 
        "w": 60, 
        "x": 0, 
        "y": 0
      }, 
      "trimmed": false
    }, 
    "radio-down-icon0000": {
      "frame": {
        "h": 60, 
        "w": 60, 
        "x": 155, 
        "y": 311
      }, 
      "rotated": false, 
      "sourceSize": {
        "h": 60, 
        "w": 60
      }, 
      "spriteSourceSize": {
        "h": 60, 
        "w": 60, 
        "x": 0, 
        "y": 0
      }, 
      "trimmed": false
    }, 
    "radio-selected-disabled-icon0000": {
      "frame": {
        "h": 60, 
        "w": 60, 
        "x": 1, 
        "y": 204
      }, 
      "rotated": false, 
      "sourceSize": {
        "h": 60, 
        "w": 60
      }, 
      "spriteSourceSize": {
        "h": 60, 
        "w": 60, 
        "x": 0, 
        "y": 0
      }, 
      "trimmed": false
    }, 
    "radio-selected-down-icon0000": {
      "frame": {
        "h": 60, 
        "w": 60, 
        "x": 164, 
        "y": 250
      }, 
      "rotated": false, 
      "sourceSize": {
        "h": 60, 
        "w": 60
      }, 
      "spriteSourceSize": {
        "h": 60, 
        "w": 60, 
        "x": 0, 
        "y": 0
      }, 
      "trimmed": false
    }, 
    "radio-selected-up-icon0000": {
      "frame": {
        "h": 60, 
        "w": 60, 
        "x": 347, 
        "y": 264
      }, 
      "rotated": false, 
      "sourceSize": {
        "h": 60, 
        "w": 60
      }, 
      "spriteSourceSize": {
        "h": 60, 
        "w": 60, 
        "x": 0, 
        "y": 0
      }, 
      "trimmed": false
    }, 
    "radio-up-icon0000": {
      "frame": {
        "h": 60, 
        "w": 60, 
        "x": 1, 
        "y": 265
      }, 
      "rotated": false, 
      "sourceSize": {
        "h": 60, 
        "w": 60
      }, 
      "spriteSourceSize": {
        "h": 60, 
        "w": 60, 
        "x": 0, 
        "y": 0
      }, 
      "trimmed": false
    }, 
    "search-input-disabled-skin0000": {
      "frame": {
        "h": 100, 
        "w": 120, 
        "x": 244, 
        "y": 1
      }, 
      "rotated": false, 
      "sourceSize": {
        "h": 100, 
        "w": 120
      }, 
      "spriteSourceSize": {
        "h": 100, 
        "w": 120, 
        "x": 0, 
        "y": 0
      }, 
      "trimmed": false
    }, 
    "search-input-focused-skin0000": {
      "frame": {
        "h": 101, 
        "w": 121, 
        "x": 1, 
        "y": 1
      }, 
      "rotated": false, 
      "sourceSize": {
        "h": 101, 
        "w": 121
      }, 
      "spriteSourceSize": {
        "h": 101, 
        "w": 121, 
        "x": 0, 
        "y": 0
      }, 
      "trimmed": false
    }, 
    "search-input-icon0000": {
      "frame": {
        "h": 33, 
        "w": 31, 
        "x": 375, 
        "y": 462
      }, 
      "rotated": false, 
      "sourceSize": {
        "h": 33, 
        "w": 31
      }, 
      "spriteSourceSize": {
        "h": 33, 
        "w": 31, 
        "x": 0, 
        "y": 0
      }, 
      "trimmed": false
    }, 
    "search-input-up-skin0000": {
      "frame": {
        "h": 100, 
        "w": 120, 
        "x": 123, 
        "y": 1
      }, 
      "rotated": false, 
      "sourceSize": {
        "h": 100, 
        "w": 120
      }, 
      "spriteSourceSize": {
        "h": 100, 
        "w": 120, 
        "x": 0, 
        "y": 0
      }, 
      "trimmed": false
    }, 
    "simple-scroll-bar-horizontal-thumb-skin0000": {
      "frame": {
        "h": 12, 
        "w": 24, 
        "x": 32, 
        "y": 354
      }, 
      "rotated": false, 
      "sourceSize": {
        "h": 12, 
        "w": 24
      }, 
      "spriteSourceSize": {
        "h": 12, 
        "w": 24, 
        "x": 0, 
        "y": 0
      }, 
      "trimmed": false
    }, 
    "simple-scroll-bar-vertical-thumb-skin0000": {
      "frame": {
        "h": 24, 
        "w": 12, 
        "x": 491, 
        "y": 1
      }, 
      "rotated": false, 
      "sourceSize": {
        "h": 24, 
        "w": 12
      }, 
      "spriteSourceSize": {
        "h": 24, 
        "w": 12, 
        "x": 0, 
        "y": 0
      }, 
      "trimmed": false
    }, 
    "slider-horizontal-maximum-track-disabled-skin0000": {
      "frame": {
        "h": 32, 
        "w": 33, 
        "x": 107, 
        "y": 373
      }, 
      "rotated": false, 
      "sourceSize": {
        "h": 32, 
        "w": 33
      }, 
      "spriteSourceSize": {
        "h": 32, 
        "w": 33, 
        "x": 0, 
        "y": 0
      }, 
      "trimmed": false
    }, 
    "slider-horizontal-maximum-track-skin0000": {
      "frame": {
        "h": 32, 
        "w": 33, 
        "x": 299, 
        "y": 426
      }, 
      "rotated": false, 
      "sourceSize": {
        "h": 32, 
        "w": 33
      }, 
      "spriteSourceSize": {
        "h": 32, 
        "w": 33, 
        "x": 0, 
        "y": 0
      }, 
      "trimmed": false
    }, 
    "slider-horizontal-minimum-track-disabled-skin0000": {
      "frame": {
        "h": 32, 
        "w": 33, 
        "x": 333, 
        "y": 426
      }, 
      "rotated": false, 
      "sourceSize": {
        "h": 32, 
        "w": 33
      }, 
      "spriteSourceSize": {
        "h": 32, 
        "w": 33, 
        "x": 0, 
        "y": 0
      }, 
      "trimmed": false
    }, 
    "slider-horizontal-minimum-track-skin0000": {
      "frame": {
        "h": 32, 
        "w": 33, 
        "x": 456, 
        "y": 432
      }, 
      "rotated": false, 
      "sourceSize": {
        "h": 32, 
        "w": 33
      }, 
      "spriteSourceSize": {
        "h": 32, 
        "w": 33, 
        "x": 0, 
        "y": 0
      }, 
      "trimmed": false
    }, 
    "slider-vertical-maximum-track-disabled-skin0000": {
      "frame": {
        "h": 32, 
        "w": 33, 
        "x": 456, 
        "y": 399
      }, 
      "rotated": false, 
      "sourceSize": {
        "h": 32, 
        "w": 33
      }, 
      "spriteSourceSize": {
        "h": 32, 
        "w": 33, 
        "x": 0, 
        "y": 0
      }, 
      "trimmed": false
    }, 
    "slider-vertical-maximum-track-skin0000": {
      "frame": {
        "h": 32, 
        "w": 33, 
        "x": 107, 
        "y": 406
      }, 
      "rotated": false, 
      "sourceSize": {
        "h": 32, 
        "w": 33
      }, 
      "spriteSourceSize": {
        "h": 32, 
        "w": 33, 
        "x": 0, 
        "y": 0
      }, 
      "trimmed": false
    }, 
    "slider-vertical-minimum-track-disabled-skin0000": {
      "frame": {
        "h": 32, 
        "w": 33, 
        "x": 277, 
        "y": 384
      }, 
      "rotated": false, 
      "sourceSize": {
        "h": 32, 
        "w": 33
      }, 
      "spriteSourceSize": {
        "h": 32, 
        "w": 33, 
        "x": 0, 
        "y": 0
      }, 
      "trimmed": false
    }, 
    "slider-vertical-minimum-track-skin0000": {
      "frame": {
        "h": 32, 
        "w": 33, 
        "x": 197, 
        "y": 386
      }, 
      "rotated": false, 
      "sourceSize": {
        "h": 32, 
        "w": 33
      }, 
      "spriteSourceSize": {
        "h": 32, 
        "w": 33, 
        "x": 0, 
        "y": 0
      }, 
      "trimmed": false
    }, 
    "spinner-list-selection-overlay-skin0000": {
      "frame": {
        "h": 22, 
        "w": 24, 
        "x": 82, 
        "y": 171
      }, 
      "rotated": false, 
      "sourceSize": {
        "h": 22, 
        "w": 24
      }, 
      "spriteSourceSize": {
        "h": 22, 
        "w": 24, 
        "x": 0, 
        "y": 0
      }, 
      "trimmed": false
    }, 
    "tab-down-skin0000": {
      "frame": {
        "h": 120, 
        "w": 30, 
        "x": 124, 
        "y": 252
      }, 
      "rotated": false, 
      "sourceSize": {
        "h": 120, 
        "w": 30
      }, 
      "spriteSourceSize": {
        "h": 120, 
        "w": 30, 
        "x": 0, 
        "y": 0
      }, 
      "trimmed": false
    }, 
    "tab-selected-disabled-skin0000": {
      "frame": {
        "h": 120, 
        "w": 30, 
        "x": 62, 
        "y": 252
      }, 
      "rotated": false, 
      "sourceSize": {
        "h": 120, 
        "w": 30
      }, 
      "spriteSourceSize": {
        "h": 120, 
        "w": 30, 
        "x": 0, 
        "y": 0
      }, 
      "trimmed": false
    }, 
    "tab-selected-up-skin0000": {
      "frame": {
        "h": 120, 
        "w": 30, 
        "x": 478, 
        "y": 177
      }, 
      "rotated": false, 
      "sourceSize": {
        "h": 120, 
        "w": 30
      }, 
      "spriteSourceSize": {
        "h": 120, 
        "w": 30, 
        "x": 0, 
        "y": 0
      }, 
      "trimmed": false
    }, 
    "tab-up-skin0000": {
      "frame": {
        "h": 120, 
        "w": 30, 
        "x": 93, 
        "y": 252
      }, 
      "rotated": false, 
      "sourceSize": {
        "h": 120, 
        "w": 30
      }, 
      "spriteSourceSize": {
        "h": 120, 
        "w": 30, 
        "x": 0, 
        "y": 0
      }, 
      "trimmed": false
    }, 
    "text-input-disabled-skin0000": {
      "frame": {
        "h": 32, 
        "w": 32, 
        "x": 141, 
        "y": 447
      }, 
      "rotated": false, 
      "sourceSize": {
        "h": 32, 
        "w": 32
      }, 
      "spriteSourceSize": {
        "h": 32, 
        "w": 32, 
        "x": 0, 
        "y": 0
      }, 
      "trimmed": false
    }, 
    "text-input-error-skin0000": {
      "frame": {
        "h": 33, 
        "w": 33, 
        "x": 82, 
        "y": 137
      }, 
      "rotated": false, 
      "sourceSize": {
        "h": 33, 
        "w": 33
      }, 
      "spriteSourceSize": {
        "h": 33, 
        "w": 33, 
        "x": 0, 
        "y": 0
      }, 
      "trimmed": false
    }, 
    "text-input-focused-skin0000": {
      "frame": {
        "h": 33, 
        "w": 33, 
        "x": 82, 
        "y": 103
      }, 
      "rotated": false, 
      "sourceSize": {
        "h": 33, 
        "w": 33
      }, 
      "spriteSourceSize": {
        "h": 33, 
        "w": 33, 
        "x": 0, 
        "y": 0
      }, 
      "trimmed": false
    }, 
    "text-input-up-skin0000": {
      "frame": {
        "h": 32, 
        "w": 32, 
        "x": 342, 
        "y": 459
      }, 
      "rotated": false, 
      "sourceSize": {
        "h": 32, 
        "w": 32
      }, 
      "spriteSourceSize": {
        "h": 32, 
        "w": 32, 
        "x": 0, 
        "y": 0
      }, 
      "trimmed": false
    }, 
    "toggle-button-selected-disabled-skin0000": {
      "frame": {
        "h": 32, 
        "w": 32, 
        "x": 1, 
        "y": 449
      }, 
      "rotated": false, 
      "sourceSize": {
        "h": 32, 
        "w": 32
      }, 
      "spriteSourceSize": {
        "h": 32, 
        "w": 32, 
        "x": 0, 
        "y": 0
      }, 
      "trimmed": false
    }, 
    "toggle-button-selected-up-skin0000": {
      "frame": {
        "h": 32, 
        "w": 32, 
        "x": 309, 
        "y": 459
      }, 
      "rotated": false, 
      "sourceSize": {
        "h": 32, 
        "w": 32
      }, 
      "spriteSourceSize": {
        "h": 32, 
        "w": 32, 
        "x": 0, 
        "y": 0
      }, 
      "trimmed": false
    }, 
    "toggle-switch-off-track-disabled-skin0000": {
      "frame": {
        "h": 32, 
        "w": 33, 
        "x": 107, 
        "y": 439
      }, 
      "rotated": false, 
      "sourceSize": {
        "h": 32, 
        "w": 33
      }, 
      "spriteSourceSize": {
        "h": 32, 
        "w": 33, 
        "x": 0, 
        "y": 0
      }, 
      "trimmed": false
    }, 
    "toggle-switch-off-track-skin0000": {
      "frame": {
        "h": 32, 
        "w": 33, 
        "x": 141, 
        "y": 414
      }, 
      "rotated": false, 
      "sourceSize": {
        "h": 32, 
        "w": 33
      }, 
      "spriteSourceSize": {
        "h": 32, 
        "w": 33, 
        "x": 0, 
        "y": 0
      }, 
      "trimmed": false
    }, 
    "toggle-switch-on-track-disabled-skin0000": {
      "frame": {
        "h": 32, 
        "w": 32, 
        "x": 65, 
        "y": 441
      }, 
      "rotated": false, 
      "sourceSize": {
        "h": 32, 
        "w": 32
      }, 
      "spriteSourceSize": {
        "h": 32, 
        "w": 32, 
        "x": 0, 
        "y": 0
      }, 
      "trimmed": false
    }, 
    "toggle-switch-on-track-skin0000": {
      "frame": {
        "h": 32, 
        "w": 32, 
        "x": 243, 
        "y": 450
      }, 
      "rotated": false, 
      "sourceSize": {
        "h": 32, 
        "w": 32
      }, 
      "spriteSourceSize": {
        "h": 32, 
        "w": 32, 
        "x": 0, 
        "y": 0
      }, 
      "trimmed": false
    }
  }, 
  "grids": {
    "BACKGROUND_POPUP_SCALE9_GRID": [
      "5", 
      "5", 
      "10", 
      "10"
    ], 
    "BACK_BUTTON_SCALE9_GRID": [
      "26", 
      "5", 
      "10", 
      "40"
    ], 
    "BAR_HORIZONTAL_SCALE9_GRID": [
      "8", 
      "8", 
      "1", 
      "1"
    ], 
    "BAR_VERTICAL_SCALE9_GRID": [
      "8", 
      "8", 
      "1", 
      "1"
    ], 
    "BUTTON_SCALE9_GRID": [
      "7", 
      "7", 
      "1", 
      "1"
    ], 
    "FORWARD_BUTTON_SCALE9_GRID": [
      "5", 
      "5", 
      "10", 
      "10"
    ], 
    "GROUPED_LIST_HEADER_OR_FOOTER_SCALE9_GRID": [
      "2", 
      "2", 
      "1", 
      "6"
    ], 
    "HEADER_BACKGROUND_SCALE9_GRID": [
      "3", 
      "3", 
      "10", 
      "56"
    ], 
    "HORIZONTAL_MAXIMUM_TRACK_SCALE9_GRID": [
      "0", 
      "0", 
      "1", 
      "13"
    ], 
    "HORIZONTAL_MINIMUM_TRACK_SCALE9_GRID": [
      "5", 
      "0", 
      "1", 
      "13"
    ], 
    "HORIZONTAL_SIMPLE_SCROLL_BAR_SCALE9_GRID": [
      "5", 
      "0", 
      "3", 
      "6"
    ], 
    "LIST_ITEM_SCALE9_GRID": [
      "2", 
      "2", 
      "1", 
      "6"
    ], 
    "POP_UP_DRAWER_BACKGROUND_SCALE9_GRID": [
      "1", 
      "3", 
      "3", 
      "4"
    ], 
    "SEARCH_INPUT_SCALE9_GRID": [
      "25", 
      "25", 
      "10", 
      "1"
    ], 
    "SPINNER_LIST_OVERLAY_SCALE9_GRID": [
      "2", 
      "5", 
      "1", 
      "1"
    ], 
    "TAB_SCALE9_GRID": [
      "3", 
      "3", 
      "5", 
      "5"
    ], 
    "TEXT_INPUT_SCALE9_GRID": [
      "7", 
      "7", 
      "1", 
      "1"
    ], 
    "VERTICAL_MAXIMUM_TRACK_SCALE9_GRID": [
      "0", 
      "5", 
      "13", 
      "1"
    ], 
    "VERTICAL_MINIMUM_TRACK_SCALE9_GRID": [
      "0", 
      "0", 
      "13", 
      "1"
    ], 
    "VERTICAL_SIMPLE_SCROLL_BAR_SCALE9_GRID": [
      "0", 
      "5", 
      "6", 
      "3"
    ]
  }, 
  "meta": {
    "image": "topcoat_light_mobile.png", 
    "size": {
      "h": 512, 
      "w": 512
    }, 
    "version": "1.0"
  }
}