{
  "frames": {
    "alert-background-skin0000": {
      "frame": {
        "h": 22, 
        "w": 22, 
        "x": 101, 
        "y": 281
      }, 
      "rotated": false, 
      "sourceSize": {
        "h": 22, 
        "w": 22
      }, 
      "spriteSourceSize": {
        "h": 22, 
        "w": 22, 
        "x": 0, 
        "y": 0
      }, 
      "trimmed": false
    }, 
    "back-button-disabled-icon0000": {
      "frame": {
        "h": 15, 
        "w": 9, 
        "x": 448, 
        "y": 80
      }, 
      "rotated": false, 
      "sourceSize": {
        "h": 15, 
        "w": 9
      }, 
      "spriteSourceSize": {
        "h": 15, 
        "w": 9, 
        "x": 0, 
        "y": 0
      }, 
      "trimmed": false
    }, 
    "back-button-up-icon0000": {
      "frame": {
        "h": 15, 
        "w": 9, 
        "x": 217, 
        "y": 149
      }, 
      "rotated": false, 
      "sourceSize": {
        "h": 15, 
        "w": 9
      }, 
      "spriteSourceSize": {
        "h": 15, 
        "w": 9, 
        "x": 0, 
        "y": 0
      }, 
      "trimmed": false
    }, 
    "button-disabled-skin0000": {
      "frame": {
        "h": 44, 
        "w": 22, 
        "x": 148, 
        "y": 149
      }, 
      "rotated": false, 
      "sourceSize": {
        "h": 44, 
        "w": 22
      }, 
      "spriteSourceSize": {
        "h": 44, 
        "w": 22, 
        "x": 0, 
        "y": 0
      }, 
      "trimmed": false
    }, 
    "button-down-skin0000": {
      "frame": {
        "h": 44, 
        "w": 22, 
        "x": 475, 
        "y": 106
      }, 
      "rotated": false, 
      "sourceSize": {
        "h": 44, 
        "w": 22
      }, 
      "spriteSourceSize": {
        "h": 44, 
        "w": 22, 
        "x": 0, 
        "y": 0
      }, 
      "trimmed": false
    }, 
    "button-hover-skin0000": {
      "frame": {
        "h": 44, 
        "w": 22, 
        "x": 422, 
        "y": 135
      }, 
      "rotated": false, 
      "sourceSize": {
        "h": 44, 
        "w": 22
      }, 
      "spriteSourceSize": {
        "h": 44, 
        "w": 22, 
        "x": 0, 
        "y": 0
      }, 
      "trimmed": false
    }, 
    "button-up-skin0000": {
      "frame": {
        "h": 44, 
        "w": 22, 
        "x": 194, 
        "y": 149
      }, 
      "rotated": false, 
      "sourceSize": {
        "h": 44, 
        "w": 22
      }, 
      "spriteSourceSize": {
        "h": 44, 
        "w": 22, 
        "x": 0, 
        "y": 0
      }, 
      "trimmed": false
    }, 
    "call-to-action-button-hover-skin0000": {
      "frame": {
        "h": 44, 
        "w": 22, 
        "x": 475, 
        "y": 151
      }, 
      "rotated": false, 
      "sourceSize": {
        "h": 44, 
        "w": 22
      }, 
      "spriteSourceSize": {
        "h": 44, 
        "w": 22, 
        "x": 0, 
        "y": 0
      }, 
      "trimmed": false
    }, 
    "call-to-action-button-up-skin0000": {
      "frame": {
        "h": 44, 
        "w": 22, 
        "x": 171, 
        "y": 149
      }, 
      "rotated": false, 
      "sourceSize": {
        "h": 44, 
        "w": 22
      }, 
      "spriteSourceSize": {
        "h": 44, 
        "w": 22, 
        "x": 0, 
        "y": 0
      }, 
      "trimmed": false
    }, 
    "callout-background-skin0000": {
      "frame": {
        "h": 26, 
        "w": 26, 
        "x": 32, 
        "y": 252
      }, 
      "rotated": false, 
      "sourceSize": {
        "h": 26, 
        "w": 26
      }, 
      "spriteSourceSize": {
        "h": 26, 
        "w": 26, 
        "x": 0, 
        "y": 0
      }, 
      "trimmed": false
    }, 
    "callout-bottom-arrow-skin0000": {
      "frame": {
        "h": 26, 
        "w": 24, 
        "x": 398, 
        "y": 269
      }, 
      "rotated": false, 
      "sourceSize": {
        "h": 26, 
        "w": 24
      }, 
      "spriteSourceSize": {
        "h": 26, 
        "w": 24, 
        "x": 0, 
        "y": 0
      }, 
      "trimmed": false
    }, 
    "callout-left-arrow-skin0000": {
      "frame": {
        "h": 24, 
        "w": 24, 
        "x": 233, 
        "y": 272
      }, 
      "rotated": false, 
      "sourceSize": {
        "h": 24, 
        "w": 24
      }, 
      "spriteSourceSize": {
        "h": 24, 
        "w": 24, 
        "x": 0, 
        "y": 0
      }, 
      "trimmed": false
    }, 
    "callout-right-arrow-skin0000": {
      "frame": {
        "h": 24, 
        "w": 24, 
        "x": 192, 
        "y": 274
      }, 
      "rotated": false, 
      "sourceSize": {
        "h": 24, 
        "w": 24
      }, 
      "spriteSourceSize": {
        "h": 24, 
        "w": 24, 
        "x": 0, 
        "y": 0
      }, 
      "trimmed": false
    }, 
    "callout-top-arrow-skin0000": {
      "frame": {
        "h": 24, 
        "w": 24, 
        "x": 51, 
        "y": 279
      }, 
      "rotated": false, 
      "sourceSize": {
        "h": 24, 
        "w": 24
      }, 
      "spriteSourceSize": {
        "h": 24, 
        "w": 24, 
        "x": 0, 
        "y": 0
      }, 
      "trimmed": false
    }, 
    "check-disabled-icon0000": {
      "frame": {
        "h": 28, 
        "w": 28, 
        "x": 402, 
        "y": 211
      }, 
      "rotated": false, 
      "sourceSize": {
        "h": 28, 
        "w": 28
      }, 
      "spriteSourceSize": {
        "h": 28, 
        "w": 28, 
        "x": 0, 
        "y": 0
      }, 
      "trimmed": false
    }, 
    "check-down-icon0000": {
      "frame": {
        "h": 28, 
        "w": 28, 
        "x": 197, 
        "y": 216
      }, 
      "rotated": false, 
      "sourceSize": {
        "h": 28, 
        "w": 28
      }, 
      "spriteSourceSize": {
        "h": 28, 
        "w": 28, 
        "x": 0, 
        "y": 0
      }, 
      "trimmed": false
    }, 
    "check-hover-icon0000": {
      "frame": {
        "h": 28, 
        "w": 28, 
        "x": 226, 
        "y": 216
      }, 
      "rotated": false, 
      "sourceSize": {
        "h": 28, 
        "w": 28
      }, 
      "spriteSourceSize": {
        "h": 28, 
        "w": 28, 
        "x": 0, 
        "y": 0
      }, 
      "trimmed": false
    }, 
    "check-selected-disabled-icon0000": {
      "frame": {
        "h": 28, 
        "w": 28, 
        "x": 255, 
        "y": 216
      }, 
      "rotated": false, 
      "sourceSize": {
        "h": 28, 
        "w": 28
      }, 
      "spriteSourceSize": {
        "h": 28, 
        "w": 28, 
        "x": 0, 
        "y": 0
      }, 
      "trimmed": false
    }, 
    "check-selected-down-icon0000": {
      "frame": {
        "h": 28, 
        "w": 28, 
        "x": 1, 
        "y": 223
      }, 
      "rotated": false, 
      "sourceSize": {
        "h": 28, 
        "w": 28
      }, 
      "spriteSourceSize": {
        "h": 28, 
        "w": 28, 
        "x": 0, 
        "y": 0
      }, 
      "trimmed": false
    }, 
    "check-selected-hover-icon0000": {
      "frame": {
        "h": 28, 
        "w": 28, 
        "x": 30, 
        "y": 223
      }, 
      "rotated": false, 
      "sourceSize": {
        "h": 28, 
        "w": 28
      }, 
      "spriteSourceSize": {
        "h": 28, 
        "w": 28, 
        "x": 0, 
        "y": 0
      }, 
      "trimmed": false
    }, 
    "check-selected-up-icon0000": {
      "frame": {
        "h": 28, 
        "w": 28, 
        "x": 59, 
        "y": 223
      }, 
      "rotated": false, 
      "sourceSize": {
        "h": 28, 
        "w": 28
      }, 
      "spriteSourceSize": {
        "h": 28, 
        "w": 28, 
        "x": 0, 
        "y": 0
      }, 
      "trimmed": false
    }, 
    "check-up-icon0000": {
      "frame": {
        "h": 28, 
        "w": 28, 
        "x": 88, 
        "y": 223
      }, 
      "rotated": false, 
      "sourceSize": {
        "h": 28, 
        "w": 28
      }, 
      "spriteSourceSize": {
        "h": 28, 
        "w": 28, 
        "x": 0, 
        "y": 0
      }, 
      "trimmed": false
    }, 
    "danger-button-down-skin0000": {
      "frame": {
        "h": 44, 
        "w": 22, 
        "x": 320, 
        "y": 164
      }, 
      "rotated": false, 
      "sourceSize": {
        "h": 44, 
        "w": 22
      }, 
      "spriteSourceSize": {
        "h": 44, 
        "w": 22, 
        "x": 0, 
        "y": 0
      }, 
      "trimmed": false
    }, 
    "danger-button-hover-skin0000": {
      "frame": {
        "h": 44, 
        "w": 22, 
        "x": 343, 
        "y": 164
      }, 
      "rotated": false, 
      "sourceSize": {
        "h": 44, 
        "w": 22
      }, 
      "spriteSourceSize": {
        "h": 44, 
        "w": 22, 
        "x": 0, 
        "y": 0
      }, 
      "trimmed": false
    }, 
    "danger-button-up-skin0000": {
      "frame": {
        "h": 44, 
        "w": 22, 
        "x": 366, 
        "y": 164
      }, 
      "rotated": false, 
      "sourceSize": {
        "h": 44, 
        "w": 22
      }, 
      "spriteSourceSize": {
        "h": 44, 
        "w": 22, 
        "x": 0, 
        "y": 0
      }, 
      "trimmed": false
    }, 
    "danger-callout-background-skin0000": {
      "frame": {
        "h": 26, 
        "w": 26, 
        "x": 59, 
        "y": 252
      }, 
      "rotated": false, 
      "sourceSize": {
        "h": 26, 
        "w": 26
      }, 
      "spriteSourceSize": {
        "h": 26, 
        "w": 26, 
        "x": 0, 
        "y": 0
      }, 
      "trimmed": false
    }, 
    "danger-callout-bottom-arrow-skin0000": {
      "frame": {
        "h": 26, 
        "w": 24, 
        "x": 487, 
        "y": 256
      }, 
      "rotated": false, 
      "sourceSize": {
        "h": 26, 
        "w": 24
      }, 
      "spriteSourceSize": {
        "h": 26, 
        "w": 24, 
        "x": 0, 
        "y": 0
      }, 
      "trimmed": false
    }, 
    "danger-callout-left-arrow-skin0000": {
      "frame": {
        "h": 24, 
        "w": 24, 
        "x": 76, 
        "y": 279
      }, 
      "rotated": false, 
      "sourceSize": {
        "h": 24, 
        "w": 24
      }, 
      "spriteSourceSize": {
        "h": 24, 
        "w": 24, 
        "x": 0, 
        "y": 0
      }, 
      "trimmed": false
    }, 
    "danger-callout-right-arrow-skin0000": {
      "frame": {
        "h": 24, 
        "w": 24, 
        "x": 167, 
        "y": 274
      }, 
      "rotated": false, 
      "sourceSize": {
        "h": 24, 
        "w": 24
      }, 
      "spriteSourceSize": {
        "h": 24, 
        "w": 24, 
        "x": 0, 
        "y": 0
      }, 
      "trimmed": false
    }, 
    "danger-callout-top-arrow-skin0000": {
      "frame": {
        "h": 24, 
        "w": 24, 
        "x": 26, 
        "y": 279
      }, 
      "rotated": false, 
      "sourceSize": {
        "h": 24, 
        "w": 24
      }, 
      "spriteSourceSize": {
        "h": 24, 
        "w": 24, 
        "x": 0, 
        "y": 0
      }, 
      "trimmed": false
    }, 
    "drill-down-icon0000": {
      "frame": {
        "h": 15, 
        "w": 9, 
        "x": 498, 
        "y": 150
      }, 
      "rotated": false, 
      "sourceSize": {
        "h": 15, 
        "w": 9
      }, 
      "spriteSourceSize": {
        "h": 15, 
        "w": 9, 
        "x": 0, 
        "y": 0
      }, 
      "trimmed": false
    }, 
    "focus-indicator-skin0000": {
      "frame": {
        "h": 26, 
        "w": 26, 
        "x": 86, 
        "y": 252
      }, 
      "rotated": false, 
      "sourceSize": {
        "h": 26, 
        "w": 26
      }, 
      "spriteSourceSize": {
        "h": 26, 
        "w": 26, 
        "x": 0, 
        "y": 0
      }, 
      "trimmed": false
    }, 
    "forward-button-disabled-icon0000": {
      "frame": {
        "h": 15, 
        "w": 9, 
        "x": 412, 
        "y": 164
      }, 
      "rotated": false, 
      "sourceSize": {
        "h": 15, 
        "w": 9
      }, 
      "spriteSourceSize": {
        "h": 15, 
        "w": 9, 
        "x": 0, 
        "y": 0
      }, 
      "trimmed": false
    }, 
    "forward-button-up-icon0000": {
      "frame": {
        "h": 15, 
        "w": 9, 
        "x": 498, 
        "y": 150
      }, 
      "rotated": false, 
      "sourceSize": {
        "h": 15, 
        "w": 9
      }, 
      "spriteSourceSize": {
        "h": 15, 
        "w": 9, 
        "x": 0, 
        "y": 0
      }, 
      "trimmed": false
    }, 
    "full-screen-toggle-button-enter-up-icon0000": {
      "frame": {
        "h": 24, 
        "w": 24, 
        "x": 1, 
        "y": 279
      }, 
      "rotated": false, 
      "sourceSize": {
        "h": 24, 
        "w": 24
      }, 
      "spriteSourceSize": {
        "h": 24, 
        "w": 24, 
        "x": 0, 
        "y": 0
      }, 
      "trimmed": false
    }, 
    "full-screen-toggle-button-exit-up-icon0000": {
      "frame": {
        "h": 25, 
        "w": 25, 
        "x": 372, 
        "y": 267
      }, 
      "rotated": false, 
      "sourceSize": {
        "h": 25, 
        "w": 25
      }, 
      "spriteSourceSize": {
        "h": 25, 
        "w": 25, 
        "x": 0, 
        "y": 0
      }, 
      "trimmed": false
    }, 
    "grouped-list-header-background-skin0000": {
      "frame": {
        "h": 60, 
        "w": 8, 
        "x": 502, 
        "y": 1
      }, 
      "rotated": false, 
      "sourceSize": {
        "h": 60, 
        "w": 8
      }, 
      "spriteSourceSize": {
        "h": 60, 
        "w": 8, 
        "x": 0, 
        "y": 0
      }, 
      "trimmed": false
    }, 
    "header-background-skin0000": {
      "frame": {
        "h": 62, 
        "w": 8, 
        "x": 493, 
        "y": 1
      }, 
      "rotated": false, 
      "sourceSize": {
        "h": 62, 
        "w": 8
      }, 
      "spriteSourceSize": {
        "h": 62, 
        "w": 8, 
        "x": 0, 
        "y": 0
      }, 
      "trimmed": false
    }, 
    "horizontal-scroll-bar-decrement-button-icon0000": {
      "frame": {
        "h": 14, 
        "w": 9, 
        "x": 498, 
        "y": 166
      }, 
      "rotated": false, 
      "sourceSize": {
        "h": 14, 
        "w": 9
      }, 
      "spriteSourceSize": {
        "h": 14, 
        "w": 9, 
        "x": 0, 
        "y": 0
      }, 
      "trimmed": false
    }, 
    "horizontal-scroll-bar-increment-button-icon0000": {
      "frame": {
        "h": 14, 
        "w": 9, 
        "x": 309, 
        "y": 171
      }, 
      "rotated": false, 
      "sourceSize": {
        "h": 14, 
        "w": 9
      }, 
      "spriteSourceSize": {
        "h": 14, 
        "w": 9, 
        "x": 0, 
        "y": 0
      }, 
      "trimmed": false
    }, 
    "horizontal-scroll-bar-step-button-disabled-skin0000": {
      "frame": {
        "h": 30, 
        "w": 28, 
        "x": 412, 
        "y": 180
      }, 
      "rotated": false, 
      "sourceSize": {
        "h": 30, 
        "w": 28
      }, 
      "spriteSourceSize": {
        "h": 30, 
        "w": 28, 
        "x": 0, 
        "y": 0
      }, 
      "trimmed": false
    }, 
    "horizontal-scroll-bar-step-button-down-skin0000": {
      "frame": {
        "h": 30, 
        "w": 28, 
        "x": 139, 
        "y": 194
      }, 
      "rotated": false, 
      "sourceSize": {
        "h": 30, 
        "w": 28
      }, 
      "spriteSourceSize": {
        "h": 30, 
        "w": 28, 
        "x": 0, 
        "y": 0
      }, 
      "trimmed": false
    }, 
    "horizontal-scroll-bar-step-button-hover-skin0000": {
      "frame": {
        "h": 30, 
        "w": 28, 
        "x": 168, 
        "y": 194
      }, 
      "rotated": false, 
      "sourceSize": {
        "h": 30, 
        "w": 28
      }, 
      "spriteSourceSize": {
        "h": 30, 
        "w": 28, 
        "x": 0, 
        "y": 0
      }, 
      "trimmed": false
    }, 
    "horizontal-scroll-bar-step-button-up-skin0000": {
      "frame": {
        "h": 30, 
        "w": 28, 
        "x": 475, 
        "y": 196
      }, 
      "rotated": false, 
      "sourceSize": {
        "h": 30, 
        "w": 28
      }, 
      "spriteSourceSize": {
        "h": 30, 
        "w": 28, 
        "x": 0, 
        "y": 0
      }, 
      "trimmed": false
    }, 
    "horizontal-scroll-bar-thumb-down-skin0000": {
      "frame": {
        "h": 32, 
        "w": 104, 
        "x": 250, 
        "y": 1
      }, 
      "rotated": false, 
      "sourceSize": {
        "h": 32, 
        "w": 104
      }, 
      "spriteSourceSize": {
        "h": 32, 
        "w": 104, 
        "x": 0, 
        "y": 0
      }, 
      "trimmed": false
    }, 
    "horizontal-scroll-bar-thumb-hover-skin0000": {
      "frame": {
        "h": 32, 
        "w": 104, 
        "x": 355, 
        "y": 1
      }, 
      "rotated": false, 
      "sourceSize": {
        "h": 32, 
        "w": 104
      }, 
      "spriteSourceSize": {
        "h": 32, 
        "w": 104, 
        "x": 0, 
        "y": 0
      }, 
      "trimmed": false
    }, 
    "horizontal-scroll-bar-thumb-icon0000": {
      "frame": {
        "h": 10, 
        "w": 14, 
        "x": 320, 
        "y": 146
      }, 
      "rotated": false, 
      "sourceSize": {
        "h": 10, 
        "w": 14
      }, 
      "spriteSourceSize": {
        "h": 10, 
        "w": 14, 
        "x": 0, 
        "y": 0
      }, 
      "trimmed": false
    }, 
    "horizontal-scroll-bar-thumb-up-skin0000": {
      "frame": {
        "h": 32, 
        "w": 104, 
        "x": 250, 
        "y": 34
      }, 
      "rotated": false, 
      "sourceSize": {
        "h": 32, 
        "w": 104
      }, 
      "spriteSourceSize": {
        "h": 32, 
        "w": 104, 
        "x": 0, 
        "y": 0
      }, 
      "trimmed": false
    }, 
    "horizontal-scroll-bar-track-skin0000": {
      "frame": {
        "h": 30, 
        "w": 8, 
        "x": 448, 
        "y": 34
      }, 
      "rotated": false, 
      "sourceSize": {
        "h": 30, 
        "w": 8
      }, 
      "spriteSourceSize": {
        "h": 30, 
        "w": 8, 
        "x": 0, 
        "y": 0
      }, 
      "trimmed": false
    }, 
    "horizontal-slider-thumb-disabled-skin0000": {
      "frame": {
        "h": 26, 
        "w": 26, 
        "x": 113, 
        "y": 254
      }, 
      "rotated": false, 
      "sourceSize": {
        "h": 26, 
        "w": 26
      }, 
      "spriteSourceSize": {
        "h": 26, 
        "w": 26, 
        "x": 0, 
        "y": 0
      }, 
      "trimmed": false
    }, 
    "horizontal-slider-thumb-down-skin0000": {
      "frame": {
        "h": 26, 
        "w": 26, 
        "x": 140, 
        "y": 254
      }, 
      "rotated": false, 
      "sourceSize": {
        "h": 26, 
        "w": 26
      }, 
      "spriteSourceSize": {
        "h": 26, 
        "w": 26, 
        "x": 0, 
        "y": 0
      }, 
      "trimmed": false
    }, 
    "horizontal-slider-thumb-hover-skin0000": {
      "frame": {
        "h": 26, 
        "w": 26, 
        "x": 460, 
        "y": 256
      }, 
      "rotated": false, 
      "sourceSize": {
        "h": 26, 
        "w": 26
      }, 
      "spriteSourceSize": {
        "h": 26, 
        "w": 26, 
        "x": 0, 
        "y": 0
      }, 
      "trimmed": false
    }, 
    "horizontal-slider-thumb-up-skin0000": {
      "frame": {
        "h": 26, 
        "w": 26, 
        "x": 429, 
        "y": 265
      }, 
      "rotated": false, 
      "sourceSize": {
        "h": 26, 
        "w": 26
      }, 
      "spriteSourceSize": {
        "h": 26, 
        "w": 26, 
        "x": 0, 
        "y": 0
      }, 
      "trimmed": false
    }, 
    "horizontal-slider-track-disabled-skin0000": {
      "frame": {
        "h": 8, 
        "w": 14, 
        "x": 175, 
        "y": 225
      }, 
      "rotated": false, 
      "sourceSize": {
        "h": 8, 
        "w": 14
      }, 
      "spriteSourceSize": {
        "h": 8, 
        "w": 14, 
        "x": 0, 
        "y": 0
      }, 
      "trimmed": false
    }, 
    "horizontal-slider-track-enabled-skin0000": {
      "frame": {
        "h": 8, 
        "w": 14, 
        "x": 175, 
        "y": 234
      }, 
      "rotated": false, 
      "sourceSize": {
        "h": 8, 
        "w": 14
      }, 
      "spriteSourceSize": {
        "h": 8, 
        "w": 14, 
        "x": 0, 
        "y": 0
      }, 
      "trimmed": false
    }, 
    "horizontal-volume-slider-maximum-track-skin0000": {
      "frame": {
        "h": 26, 
        "w": 100, 
        "x": 250, 
        "y": 67
      }, 
      "rotated": false, 
      "sourceSize": {
        "h": 26, 
        "w": 100
      }, 
      "spriteSourceSize": {
        "h": 26, 
        "w": 100, 
        "x": 0, 
        "y": 0
      }, 
      "trimmed": false
    }, 
    "horizontal-volume-slider-minimum-track-skin0000": {
      "frame": {
        "h": 26, 
        "w": 100, 
        "x": 250, 
        "y": 94
      }, 
      "rotated": false, 
      "sourceSize": {
        "h": 26, 
        "w": 100
      }, 
      "spriteSourceSize": {
        "h": 26, 
        "w": 100, 
        "x": 0, 
        "y": 0
      }, 
      "trimmed": false
    }, 
    "inset-border-background-skin0000": {
      "frame": {
        "h": 14, 
        "w": 14, 
        "x": 336, 
        "y": 121
      }, 
      "rotated": false, 
      "sourceSize": {
        "h": 14, 
        "w": 14
      }, 
      "spriteSourceSize": {
        "h": 14, 
        "w": 14, 
        "x": 0, 
        "y": 0
      }, 
      "trimmed": false
    }, 
    "item-renderer-hover-skin0000": {
      "frame": {
        "h": 12, 
        "w": 12, 
        "x": 498, 
        "y": 98
      }, 
      "rotated": false, 
      "sourceSize": {
        "h": 12, 
        "w": 12
      }, 
      "spriteSourceSize": {
        "h": 12, 
        "w": 12, 
        "x": 0, 
        "y": 0
      }, 
      "trimmed": false
    }, 
    "item-renderer-selected-up-skin0000": {
      "frame": {
        "h": 12, 
        "w": 12, 
        "x": 498, 
        "y": 111
      }, 
      "rotated": false, 
      "sourceSize": {
        "h": 12, 
        "w": 12
      }, 
      "spriteSourceSize": {
        "h": 12, 
        "w": 12, 
        "x": 0, 
        "y": 0
      }, 
      "trimmed": false
    }, 
    "item-renderer-up-skin0000": {
      "frame": {
        "h": 12, 
        "w": 12, 
        "x": 498, 
        "y": 124
      }, 
      "rotated": false, 
      "sourceSize": {
        "h": 12, 
        "w": 12
      }, 
      "spriteSourceSize": {
        "h": 12, 
        "w": 12, 
        "x": 0, 
        "y": 0
      }, 
      "trimmed": false
    }, 
    "mute-toggle-button-loud-up-icon0000": {
      "frame": {
        "h": 26, 
        "w": 30, 
        "x": 233, 
        "y": 245
      }, 
      "rotated": false, 
      "sourceSize": {
        "h": 26, 
        "w": 30
      }, 
      "spriteSourceSize": {
        "h": 26, 
        "w": 30, 
        "x": 0, 
        "y": 0
      }, 
      "trimmed": false
    }, 
    "mute-toggle-button-muted-up-icon0000": {
      "frame": {
        "h": 26, 
        "w": 30, 
        "x": 1, 
        "y": 252
      }, 
      "rotated": false, 
      "sourceSize": {
        "h": 26, 
        "w": 30
      }, 
      "spriteSourceSize": {
        "h": 26, 
        "w": 30, 
        "x": 0, 
        "y": 0
      }, 
      "trimmed": false
    }, 
    "numeric-stepper-decrement-button-disabled-skin0000": {
      "frame": {
        "h": 24, 
        "w": 42, 
        "x": 250, 
        "y": 121
      }, 
      "rotated": false, 
      "sourceSize": {
        "h": 24, 
        "w": 42
      }, 
      "spriteSourceSize": {
        "h": 24, 
        "w": 42, 
        "x": 0, 
        "y": 0
      }, 
      "trimmed": false
    }, 
    "numeric-stepper-decrement-button-down-skin0000": {
      "frame": {
        "h": 24, 
        "w": 42, 
        "x": 293, 
        "y": 121
      }, 
      "rotated": false, 
      "sourceSize": {
        "h": 24, 
        "w": 42
      }, 
      "spriteSourceSize": {
        "h": 24, 
        "w": 42, 
        "x": 0, 
        "y": 0
      }, 
      "trimmed": false
    }, 
    "numeric-stepper-decrement-button-hover-skin0000": {
      "frame": {
        "h": 24, 
        "w": 42, 
        "x": 148, 
        "y": 124
      }, 
      "rotated": false, 
      "sourceSize": {
        "h": 24, 
        "w": 42
      }, 
      "spriteSourceSize": {
        "h": 24, 
        "w": 42, 
        "x": 0, 
        "y": 0
      }, 
      "trimmed": false
    }, 
    "numeric-stepper-decrement-button-up-skin0000": {
      "frame": {
        "h": 24, 
        "w": 42, 
        "x": 191, 
        "y": 124
      }, 
      "rotated": false, 
      "sourceSize": {
        "h": 24, 
        "w": 42
      }, 
      "spriteSourceSize": {
        "h": 24, 
        "w": 42, 
        "x": 0, 
        "y": 0
      }, 
      "trimmed": false
    }, 
    "numeric-stepper-increment-button-disabled-skin0000": {
      "frame": {
        "h": 24, 
        "w": 42, 
        "x": 336, 
        "y": 139
      }, 
      "rotated": false, 
      "sourceSize": {
        "h": 24, 
        "w": 42
      }, 
      "spriteSourceSize": {
        "h": 24, 
        "w": 42, 
        "x": 0, 
        "y": 0
      }, 
      "trimmed": false
    }, 
    "numeric-stepper-increment-button-down-skin0000": {
      "frame": {
        "h": 24, 
        "w": 42, 
        "x": 379, 
        "y": 139
      }, 
      "rotated": false, 
      "sourceSize": {
        "h": 24, 
        "w": 42
      }, 
      "spriteSourceSize": {
        "h": 24, 
        "w": 42, 
        "x": 0, 
        "y": 0
      }, 
      "trimmed": false
    }, 
    "numeric-stepper-increment-button-hover-skin0000": {
      "frame": {
        "h": 24, 
        "w": 42, 
        "x": 234, 
        "y": 146
      }, 
      "rotated": false, 
      "sourceSize": {
        "h": 24, 
        "w": 42
      }, 
      "spriteSourceSize": {
        "h": 24, 
        "w": 42, 
        "x": 0, 
        "y": 0
      }, 
      "trimmed": false
    }, 
    "numeric-stepper-increment-button-up-skin0000": {
      "frame": {
        "h": 24, 
        "w": 42, 
        "x": 277, 
        "y": 146
      }, 
      "rotated": false, 
      "sourceSize": {
        "h": 24, 
        "w": 42
      }, 
      "spriteSourceSize": {
        "h": 24, 
        "w": 42, 
        "x": 0, 
        "y": 0
      }, 
      "trimmed": false
    }, 
    "overlay-play-pause-toggle-button-play-up-icon0000": {
      "frame": {
        "h": 176, 
        "w": 146, 
        "x": 1, 
        "y": 1
      }, 
      "rotated": false, 
      "sourceSize": {
        "h": 176, 
        "w": 146
      }, 
      "spriteSourceSize": {
        "h": 176, 
        "w": 146, 
        "x": 0, 
        "y": 0
      }, 
      "trimmed": false
    }, 
    "page-indicator-normal-symbol0000": {
      "frame": {
        "h": 16, 
        "w": 16, 
        "x": 493, 
        "y": 81
      }, 
      "rotated": false, 
      "sourceSize": {
        "h": 16, 
        "w": 16
      }, 
      "spriteSourceSize": {
        "h": 16, 
        "w": 16, 
        "x": 0, 
        "y": 0
      }, 
      "trimmed": false
    }, 
    "page-indicator-selected-symbol0000": {
      "frame": {
        "h": 16, 
        "w": 16, 
        "x": 493, 
        "y": 64
      }, 
      "rotated": false, 
      "sourceSize": {
        "h": 16, 
        "w": 16
      }, 
      "spriteSourceSize": {
        "h": 16, 
        "w": 16, 
        "x": 0, 
        "y": 0
      }, 
      "trimmed": false
    }, 
    "panel-background-skin0000": {
      "frame": {
        "h": 22, 
        "w": 22, 
        "x": 124, 
        "y": 281
      }, 
      "rotated": false, 
      "sourceSize": {
        "h": 22, 
        "w": 22
      }, 
      "spriteSourceSize": {
        "h": 22, 
        "w": 22, 
        "x": 0, 
        "y": 0
      }, 
      "trimmed": false
    }, 
    "picker-list-disabled-icon0000": {
      "frame": {
        "h": 28, 
        "w": 28, 
        "x": 117, 
        "y": 225
      }, 
      "rotated": false, 
      "sourceSize": {
        "h": 28, 
        "w": 28
      }, 
      "spriteSourceSize": {
        "h": 28, 
        "w": 28, 
        "x": 0, 
        "y": 0
      }, 
      "trimmed": false
    }, 
    "picker-list-down-icon0000": {
      "frame": {
        "h": 28, 
        "w": 28, 
        "x": 146, 
        "y": 225
      }, 
      "rotated": false, 
      "sourceSize": {
        "h": 28, 
        "w": 28
      }, 
      "spriteSourceSize": {
        "h": 28, 
        "w": 28, 
        "x": 0, 
        "y": 0
      }, 
      "trimmed": false
    }, 
    "picker-list-hover-icon0000": {
      "frame": {
        "h": 28, 
        "w": 28, 
        "x": 146, 
        "y": 225
      }, 
      "rotated": false, 
      "sourceSize": {
        "h": 28, 
        "w": 28
      }, 
      "spriteSourceSize": {
        "h": 28, 
        "w": 28, 
        "x": 0, 
        "y": 0
      }, 
      "trimmed": false
    }, 
    "picker-list-up-icon0000": {
      "frame": {
        "h": 28, 
        "w": 28, 
        "x": 472, 
        "y": 227
      }, 
      "rotated": false, 
      "sourceSize": {
        "h": 28, 
        "w": 28
      }, 
      "spriteSourceSize": {
        "h": 28, 
        "w": 28, 
        "x": 0, 
        "y": 0
      }, 
      "trimmed": false
    }, 
    "play-pause-toggle-button-pause-up-icon0000": {
      "frame": {
        "h": 22, 
        "w": 20, 
        "x": 478, 
        "y": 283
      }, 
      "rotated": false, 
      "sourceSize": {
        "h": 22, 
        "w": 20
      }, 
      "spriteSourceSize": {
        "h": 22, 
        "w": 20, 
        "x": 0, 
        "y": 0
      }, 
      "trimmed": false
    }, 
    "play-pause-toggle-button-play-up-icon0000": {
      "frame": {
        "h": 22, 
        "w": 20, 
        "x": 423, 
        "y": 292
      }, 
      "rotated": false, 
      "sourceSize": {
        "h": 22, 
        "w": 20
      }, 
      "spriteSourceSize": {
        "h": 22, 
        "w": 20, 
        "x": 0, 
        "y": 0
      }, 
      "trimmed": false
    }, 
    "pop-up-volume-slider-maximum-track-skin0000": {
      "frame": {
        "h": 122, 
        "w": 50, 
        "x": 148, 
        "y": 1
      }, 
      "rotated": false, 
      "sourceSize": {
        "h": 122, 
        "w": 50
      }, 
      "spriteSourceSize": {
        "h": 122, 
        "w": 50, 
        "x": 0, 
        "y": 0
      }, 
      "trimmed": false
    }, 
    "pop-up-volume-slider-minimum-track-skin0000": {
      "frame": {
        "h": 122, 
        "w": 50, 
        "x": 199, 
        "y": 1
      }, 
      "rotated": false, 
      "sourceSize": {
        "h": 122, 
        "w": 50
      }, 
      "spriteSourceSize": {
        "h": 122, 
        "w": 50, 
        "x": 0, 
        "y": 0
      }, 
      "trimmed": false
    }, 
    "progress-bar-fill-skin0000": {
      "frame": {
        "h": 12, 
        "w": 12, 
        "x": 498, 
        "y": 137
      }, 
      "rotated": false, 
      "sourceSize": {
        "h": 12, 
        "w": 12
      }, 
      "spriteSourceSize": {
        "h": 12, 
        "w": 12, 
        "x": 0, 
        "y": 0
      }, 
      "trimmed": false
    }, 
    "quiet-button-hover-skin0000": {
      "frame": {
        "h": 44, 
        "w": 22, 
        "x": 389, 
        "y": 164
      }, 
      "rotated": false, 
      "sourceSize": {
        "h": 44, 
        "w": 22
      }, 
      "spriteSourceSize": {
        "h": 44, 
        "w": 22, 
        "x": 0, 
        "y": 0
      }, 
      "trimmed": false
    }, 
    "radio-disabled-icon0000": {
      "frame": {
        "h": 28, 
        "w": 28, 
        "x": 431, 
        "y": 236
      }, 
      "rotated": false, 
      "sourceSize": {
        "h": 28, 
        "w": 28
      }, 
      "spriteSourceSize": {
        "h": 28, 
        "w": 28, 
        "x": 0, 
        "y": 0
      }, 
      "trimmed": false
    }, 
    "radio-down-icon0000": {
      "frame": {
        "h": 28, 
        "w": 28, 
        "x": 284, 
        "y": 238
      }, 
      "rotated": false, 
      "sourceSize": {
        "h": 28, 
        "w": 28
      }, 
      "spriteSourceSize": {
        "h": 28, 
        "w": 28, 
        "x": 0, 
        "y": 0
      }, 
      "trimmed": false
    }, 
    "radio-hover-icon0000": {
      "frame": {
        "h": 28, 
        "w": 28, 
        "x": 313, 
        "y": 238
      }, 
      "rotated": false, 
      "sourceSize": {
        "h": 28, 
        "w": 28
      }, 
      "spriteSourceSize": {
        "h": 28, 
        "w": 28, 
        "x": 0, 
        "y": 0
      }, 
      "trimmed": false
    }, 
    "radio-selected-disabled-icon0000": {
      "frame": {
        "h": 28, 
        "w": 28, 
        "x": 342, 
        "y": 238
      }, 
      "rotated": false, 
      "sourceSize": {
        "h": 28, 
        "w": 28
      }, 
      "spriteSourceSize": {
        "h": 28, 
        "w": 28, 
        "x": 0, 
        "y": 0
      }, 
      "trimmed": false
    }, 
    "radio-selected-down-icon0000": {
      "frame": {
        "h": 28, 
        "w": 28, 
        "x": 371, 
        "y": 238
      }, 
      "rotated": false, 
      "sourceSize": {
        "h": 28, 
        "w": 28
      }, 
      "spriteSourceSize": {
        "h": 28, 
        "w": 28, 
        "x": 0, 
        "y": 0
      }, 
      "trimmed": false
    }, 
    "radio-selected-hover-icon0000": {
      "frame": {
        "h": 28, 
        "w": 28, 
        "x": 400, 
        "y": 240
      }, 
      "rotated": false, 
      "sourceSize": {
        "h": 28, 
        "w": 28
      }, 
      "spriteSourceSize": {
        "h": 28, 
        "w": 28, 
        "x": 0, 
        "y": 0
      }, 
      "trimmed": false
    }, 
    "radio-selected-up-icon0000": {
      "frame": {
        "h": 28, 
        "w": 28, 
        "x": 175, 
        "y": 245
      }, 
      "rotated": false, 
      "sourceSize": {
        "h": 28, 
        "w": 28
      }, 
      "spriteSourceSize": {
        "h": 28, 
        "w": 28, 
        "x": 0, 
        "y": 0
      }, 
      "trimmed": false
    }, 
    "radio-up-icon0000": {
      "frame": {
        "h": 28, 
        "w": 28, 
        "x": 204, 
        "y": 245
      }, 
      "rotated": false, 
      "sourceSize": {
        "h": 28, 
        "w": 28
      }, 
      "spriteSourceSize": {
        "h": 28, 
        "w": 28, 
        "x": 0, 
        "y": 0
      }, 
      "trimmed": false
    }, 
    "search-disabled-icon0000": {
      "frame": {
        "h": 21, 
        "w": 21, 
        "x": 284, 
        "y": 216
      }, 
      "rotated": false, 
      "sourceSize": {
        "h": 21, 
        "w": 21
      }, 
      "spriteSourceSize": {
        "h": 21, 
        "w": 21, 
        "x": 0, 
        "y": 0
      }, 
      "trimmed": false
    }, 
    "search-icon0000": {
      "frame": {
        "h": 21, 
        "w": 21, 
        "x": 456, 
        "y": 283
      }, 
      "rotated": false, 
      "sourceSize": {
        "h": 21, 
        "w": 21
      }, 
      "spriteSourceSize": {
        "h": 21, 
        "w": 21, 
        "x": 0, 
        "y": 0
      }, 
      "trimmed": false
    }, 
    "seek-slider-maximum-track-skin0000": {
      "frame": {
        "h": 8, 
        "w": 11, 
        "x": 448, 
        "y": 96
      }, 
      "rotated": false, 
      "sourceSize": {
        "h": 8, 
        "w": 11
      }, 
      "spriteSourceSize": {
        "h": 8, 
        "w": 11, 
        "x": 0, 
        "y": 0
      }, 
      "trimmed": false
    }, 
    "seek-slider-minimum-track-skin0000": {
      "frame": {
        "h": 8, 
        "w": 11, 
        "x": 460, 
        "y": 236
      }, 
      "rotated": false, 
      "sourceSize": {
        "h": 8, 
        "w": 11
      }, 
      "spriteSourceSize": {
        "h": 8, 
        "w": 11, 
        "x": 0, 
        "y": 0
      }, 
      "trimmed": false
    }, 
    "seek-slider-progress-skin0000": {
      "frame": {
        "h": 8, 
        "w": 10, 
        "x": 501, 
        "y": 238
      }, 
      "rotated": false, 
      "sourceSize": {
        "h": 8, 
        "w": 10
      }, 
      "spriteSourceSize": {
        "h": 8, 
        "w": 10, 
        "x": 0, 
        "y": 0
      }, 
      "trimmed": false
    }, 
    "simple-border-background-skin0000": {
      "frame": {
        "h": 14, 
        "w": 14, 
        "x": 234, 
        "y": 124
      }, 
      "rotated": false, 
      "sourceSize": {
        "h": 14, 
        "w": 14
      }, 
      "spriteSourceSize": {
        "h": 14, 
        "w": 14, 
        "x": 0, 
        "y": 0
      }, 
      "trimmed": false
    }, 
    "tab-disabled-skin0000": {
      "frame": {
        "h": 44, 
        "w": 22, 
        "x": 217, 
        "y": 171
      }, 
      "rotated": false, 
      "sourceSize": {
        "h": 44, 
        "w": 22
      }, 
      "spriteSourceSize": {
        "h": 44, 
        "w": 22, 
        "x": 0, 
        "y": 0
      }, 
      "trimmed": false
    }, 
    "tab-down-skin0000": {
      "frame": {
        "h": 44, 
        "w": 22, 
        "x": 240, 
        "y": 171
      }, 
      "rotated": false, 
      "sourceSize": {
        "h": 44, 
        "w": 22
      }, 
      "spriteSourceSize": {
        "h": 44, 
        "w": 22, 
        "x": 0, 
        "y": 0
      }, 
      "trimmed": false
    }, 
    "tab-hover-skin0000": {
      "frame": {
        "h": 44, 
        "w": 22, 
        "x": 263, 
        "y": 171
      }, 
      "rotated": false, 
      "sourceSize": {
        "h": 44, 
        "w": 22
      }, 
      "spriteSourceSize": {
        "h": 44, 
        "w": 22, 
        "x": 0, 
        "y": 0
      }, 
      "trimmed": false
    }, 
    "tab-selected-disabled-skin0000": {
      "frame": {
        "h": 44, 
        "w": 22, 
        "x": 286, 
        "y": 171
      }, 
      "rotated": false, 
      "sourceSize": {
        "h": 44, 
        "w": 22
      }, 
      "spriteSourceSize": {
        "h": 44, 
        "w": 22, 
        "x": 0, 
        "y": 0
      }, 
      "trimmed": false
    }, 
    "tab-selected-up-skin0000": {
      "frame": {
        "h": 44, 
        "w": 22, 
        "x": 1, 
        "y": 178
      }, 
      "rotated": false, 
      "sourceSize": {
        "h": 44, 
        "w": 22
      }, 
      "spriteSourceSize": {
        "h": 44, 
        "w": 22, 
        "x": 0, 
        "y": 0
      }, 
      "trimmed": false
    }, 
    "tab-up-skin0000": {
      "frame": {
        "h": 44, 
        "w": 22, 
        "x": 24, 
        "y": 178
      }, 
      "rotated": false, 
      "sourceSize": {
        "h": 44, 
        "w": 22
      }, 
      "spriteSourceSize": {
        "h": 44, 
        "w": 22, 
        "x": 0, 
        "y": 0
      }, 
      "trimmed": false
    }, 
    "text-input-background-disabled-skin0000": {
      "frame": {
        "h": 10, 
        "w": 10, 
        "x": 309, 
        "y": 186
      }, 
      "rotated": false, 
      "sourceSize": {
        "h": 10, 
        "w": 10
      }, 
      "spriteSourceSize": {
        "h": 10, 
        "w": 10, 
        "x": 0, 
        "y": 0
      }, 
      "trimmed": false
    }, 
    "text-input-background-enabled-skin0000": {
      "frame": {
        "h": 10, 
        "w": 10, 
        "x": 309, 
        "y": 197
      }, 
      "rotated": false, 
      "sourceSize": {
        "h": 10, 
        "w": 10
      }, 
      "spriteSourceSize": {
        "h": 10, 
        "w": 10, 
        "x": 0, 
        "y": 0
      }, 
      "trimmed": false
    }, 
    "text-input-background-error-skin0000": {
      "frame": {
        "h": 10, 
        "w": 10, 
        "x": 501, 
        "y": 227
      }, 
      "rotated": false, 
      "sourceSize": {
        "h": 10, 
        "w": 10
      }, 
      "spriteSourceSize": {
        "h": 10, 
        "w": 10, 
        "x": 0, 
        "y": 0
      }, 
      "trimmed": false
    }, 
    "toggle-button-selected-disabled-skin0000": {
      "frame": {
        "h": 44, 
        "w": 22, 
        "x": 47, 
        "y": 178
      }, 
      "rotated": false, 
      "sourceSize": {
        "h": 44, 
        "w": 22
      }, 
      "spriteSourceSize": {
        "h": 44, 
        "w": 22, 
        "x": 0, 
        "y": 0
      }, 
      "trimmed": false
    }, 
    "toggle-button-selected-down-skin0000": {
      "frame": {
        "h": 44, 
        "w": 22, 
        "x": 70, 
        "y": 178
      }, 
      "rotated": false, 
      "sourceSize": {
        "h": 44, 
        "w": 22
      }, 
      "spriteSourceSize": {
        "h": 44, 
        "w": 22, 
        "x": 0, 
        "y": 0
      }, 
      "trimmed": false
    }, 
    "toggle-button-selected-hover-skin0000": {
      "frame": {
        "h": 44, 
        "w": 22, 
        "x": 93, 
        "y": 178
      }, 
      "rotated": false, 
      "sourceSize": {
        "h": 44, 
        "w": 22
      }, 
      "spriteSourceSize": {
        "h": 44, 
        "w": 22, 
        "x": 0, 
        "y": 0
      }, 
      "trimmed": false
    }, 
    "toggle-button-selected-up-skin0000": {
      "frame": {
        "h": 44, 
        "w": 22, 
        "x": 116, 
        "y": 178
      }, 
      "rotated": false, 
      "sourceSize": {
        "h": 44, 
        "w": 22
      }, 
      "spriteSourceSize": {
        "h": 44, 
        "w": 22, 
        "x": 0, 
        "y": 0
      }, 
      "trimmed": false
    }, 
    "tool-tip-background-skin0000": {
      "frame": {
        "h": 26, 
        "w": 26, 
        "x": 32, 
        "y": 252
      }, 
      "rotated": false, 
      "sourceSize": {
        "h": 26, 
        "w": 26
      }, 
      "spriteSourceSize": {
        "h": 26, 
        "w": 26, 
        "x": 0, 
        "y": 0
      }, 
      "trimmed": false
    }, 
    "vertical-scroll-bar-decrement-button-icon0000": {
      "frame": {
        "h": 9, 
        "w": 14, 
        "x": 197, 
        "y": 194
      }, 
      "rotated": false, 
      "sourceSize": {
        "h": 9, 
        "w": 14
      }, 
      "spriteSourceSize": {
        "h": 9, 
        "w": 14, 
        "x": 0, 
        "y": 0
      }, 
      "trimmed": false
    }, 
    "vertical-scroll-bar-increment-button-icon0000": {
      "frame": {
        "h": 9, 
        "w": 14, 
        "x": 197, 
        "y": 204
      }, 
      "rotated": false, 
      "sourceSize": {
        "h": 9, 
        "w": 14
      }, 
      "spriteSourceSize": {
        "h": 9, 
        "w": 14, 
        "x": 0, 
        "y": 0
      }, 
      "trimmed": false
    }, 
    "vertical-scroll-bar-step-button-disabled-skin0000": {
      "frame": {
        "h": 28, 
        "w": 30, 
        "x": 441, 
        "y": 207
      }, 
      "rotated": false, 
      "sourceSize": {
        "h": 28, 
        "w": 30
      }, 
      "spriteSourceSize": {
        "h": 28, 
        "w": 30, 
        "x": 0, 
        "y": 0
      }, 
      "trimmed": false
    }, 
    "vertical-scroll-bar-step-button-down-skin0000": {
      "frame": {
        "h": 28, 
        "w": 30, 
        "x": 309, 
        "y": 209
      }, 
      "rotated": false, 
      "sourceSize": {
        "h": 28, 
        "w": 30
      }, 
      "spriteSourceSize": {
        "h": 28, 
        "w": 30, 
        "x": 0, 
        "y": 0
      }, 
      "trimmed": false
    }, 
    "vertical-scroll-bar-step-button-hover-skin0000": {
      "frame": {
        "h": 28, 
        "w": 30, 
        "x": 340, 
        "y": 209
      }, 
      "rotated": false, 
      "sourceSize": {
        "h": 28, 
        "w": 30
      }, 
      "spriteSourceSize": {
        "h": 28, 
        "w": 30, 
        "x": 0, 
        "y": 0
      }, 
      "trimmed": false
    }, 
    "vertical-scroll-bar-step-button-up-skin0000": {
      "frame": {
        "h": 28, 
        "w": 30, 
        "x": 371, 
        "y": 209
      }, 
      "rotated": false, 
      "sourceSize": {
        "h": 28, 
        "w": 30
      }, 
      "spriteSourceSize": {
        "h": 28, 
        "w": 30, 
        "x": 0, 
        "y": 0
      }, 
      "trimmed": false
    }, 
    "vertical-scroll-bar-thumb-down-skin0000": {
      "frame": {
        "h": 104, 
        "w": 32, 
        "x": 460, 
        "y": 1
      }, 
      "rotated": false, 
      "sourceSize": {
        "h": 104, 
        "w": 32
      }, 
      "spriteSourceSize": {
        "h": 104, 
        "w": 32, 
        "x": 0, 
        "y": 0
      }, 
      "trimmed": false
    }, 
    "vertical-scroll-bar-thumb-hover-skin0000": {
      "frame": {
        "h": 104, 
        "w": 32, 
        "x": 355, 
        "y": 34
      }, 
      "rotated": false, 
      "sourceSize": {
        "h": 104, 
        "w": 32
      }, 
      "spriteSourceSize": {
        "h": 104, 
        "w": 32, 
        "x": 0, 
        "y": 0
      }, 
      "trimmed": false
    }, 
    "vertical-scroll-bar-thumb-icon0000": {
      "frame": {
        "h": 14, 
        "w": 10, 
        "x": 448, 
        "y": 65
      }, 
      "rotated": false, 
      "sourceSize": {
        "h": 14, 
        "w": 10
      }, 
      "spriteSourceSize": {
        "h": 14, 
        "w": 10, 
        "x": 0, 
        "y": 0
      }, 
      "trimmed": false
    }, 
    "vertical-scroll-bar-thumb-up-skin0000": {
      "frame": {
        "h": 104, 
        "w": 32, 
        "x": 388, 
        "y": 34
      }, 
      "rotated": false, 
      "sourceSize": {
        "h": 104, 
        "w": 32
      }, 
      "spriteSourceSize": {
        "h": 104, 
        "w": 32, 
        "x": 0, 
        "y": 0
      }, 
      "trimmed": false
    }, 
    "vertical-scroll-bar-track-skin0000": {
      "frame": {
        "h": 8, 
        "w": 30, 
        "x": 258, 
        "y": 294
      }, 
      "rotated": false, 
      "sourceSize": {
        "h": 8, 
        "w": 30
      }, 
      "spriteSourceSize": {
        "h": 8, 
        "w": 30, 
        "x": 0, 
        "y": 0
      }, 
      "trimmed": false
    }, 
    "vertical-slider-thumb-disabled-skin0000": {
      "frame": {
        "h": 26, 
        "w": 26, 
        "x": 264, 
        "y": 267
      }, 
      "rotated": false, 
      "sourceSize": {
        "h": 26, 
        "w": 26
      }, 
      "spriteSourceSize": {
        "h": 26, 
        "w": 26, 
        "x": 0, 
        "y": 0
      }, 
      "trimmed": false
    }, 
    "vertical-slider-thumb-down-skin0000": {
      "frame": {
        "h": 26, 
        "w": 26, 
        "x": 291, 
        "y": 267
      }, 
      "rotated": false, 
      "sourceSize": {
        "h": 26, 
        "w": 26
      }, 
      "spriteSourceSize": {
        "h": 26, 
        "w": 26, 
        "x": 0, 
        "y": 0
      }, 
      "trimmed": false
    }, 
    "vertical-slider-thumb-hover-skin0000": {
      "frame": {
        "h": 26, 
        "w": 26, 
        "x": 318, 
        "y": 267
      }, 
      "rotated": false, 
      "sourceSize": {
        "h": 26, 
        "w": 26
      }, 
      "spriteSourceSize": {
        "h": 26, 
        "w": 26, 
        "x": 0, 
        "y": 0
      }, 
      "trimmed": false
    }, 
    "vertical-slider-thumb-up-skin0000": {
      "frame": {
        "h": 26, 
        "w": 26, 
        "x": 345, 
        "y": 267
      }, 
      "rotated": false, 
      "sourceSize": {
        "h": 26, 
        "w": 26
      }, 
      "spriteSourceSize": {
        "h": 26, 
        "w": 26, 
        "x": 0, 
        "y": 0
      }, 
      "trimmed": false
    }, 
    "vertical-slider-track-disabled-skin0000": {
      "frame": {
        "h": 14, 
        "w": 8, 
        "x": 139, 
        "y": 178
      }, 
      "rotated": false, 
      "sourceSize": {
        "h": 14, 
        "w": 8
      }, 
      "spriteSourceSize": {
        "h": 14, 
        "w": 8, 
        "x": 0, 
        "y": 0
      }, 
      "trimmed": false
    }, 
    "vertical-slider-track-enabled-skin0000": {
      "frame": {
        "h": 14, 
        "w": 8, 
        "x": 498, 
        "y": 181
      }, 
      "rotated": false, 
      "sourceSize": {
        "h": 14, 
        "w": 8
      }, 
      "spriteSourceSize": {
        "h": 14, 
        "w": 8, 
        "x": 0, 
        "y": 0
      }, 
      "trimmed": false
    }, 
    "vertical-volume-slider-maximum-track-skin0000": {
      "frame": {
        "h": 100, 
        "w": 26, 
        "x": 421, 
        "y": 34
      }, 
      "rotated": false, 
      "sourceSize": {
        "h": 100, 
        "w": 26
      }, 
      "spriteSourceSize": {
        "h": 100, 
        "w": 26, 
        "x": 0, 
        "y": 0
      }, 
      "trimmed": false
    }, 
    "vertical-volume-slider-minimum-track-skin0000": {
      "frame": {
        "h": 100, 
        "w": 26, 
        "x": 448, 
        "y": 106
      }, 
      "rotated": false, 
      "sourceSize": {
        "h": 100, 
        "w": 26
      }, 
      "spriteSourceSize": {
        "h": 100, 
        "w": 26, 
        "x": 0, 
        "y": 0
      }, 
      "trimmed": false
    }
  }, 
  "grids": {
    "BUTTON_SCALE_9_GRID": [
      "5", 
      "5", 
      "1", 
      "12"
    ], 
    "CALLOUT_SCALE_9_GRID": [
      "5", 
      "5", 
      "1", 
      "1"
    ], 
    "FOCUS_INDICATOR_SCALE_9_GRID": [
      "5", 
      "5", 
      "2", 
      "2"
    ], 
    "HEADER_SCALE_9_GRID": [
      "1", 
      "1", 
      "2", 
      "28"
    ], 
    "HORIZONTAL_SCROLL_BAR_STEP_BUTTON_SCALE_9_GRID": [
      "2", 
      "2", 
      "10", 
      "11"
    ], 
    "HORIZONTAL_SCROLL_BAR_THUMB_SCALE_9_GRID": [
      "5", 
      "2", 
      "42", 
      "6"
    ], 
    "HORIZONTAL_SCROLL_BAR_TRACK_SCALE_9_GRID": [
      "1", 
      "2", 
      "2", 
      "11"
    ], 
    "HORIZONTAL_SLIDER_TRACK_SCALE_9_GRID": [
      "3", 
      "0", 
      "1", 
      "4"
    ], 
    "ITEM_RENDERER_SKIN_TEXTURE_REGION": [
      "1", 
      "1", 
      "4", 
      "4"
    ], 
    "PANEL_BORDER_SCALE_9_GRID": [
      "5", 
      "5", 
      "1", 
      "1"
    ], 
    "PROGRESS_BAR_FILL_TEXTURE_REGION": [
      "1", 
      "1", 
      "4", 
      "4"
    ], 
    "SEEK_SLIDER_MAXIMUM_TRACK_SCALE_9_GRID": [
      "1", 
      "0", 
      "1", 
      "4"
    ], 
    "SEEK_SLIDER_MINIMUM_TRACK_SCALE_9_GRID": [
      "3", 
      "0", 
      "1", 
      "4"
    ], 
    "SIMPLE_BORDER_SCALE_9_GRID": [
      "2", 
      "2", 
      "2", 
      "2"
    ], 
    "STEPPER_DECREMENT_BUTTON_SCALE_9_GRID": [
      "1", 
      "1", 
      "15", 
      "1"
    ], 
    "STEPPER_INCREMENT_BUTTON_SCALE_9_GRID": [
      "1", 
      "9", 
      "15", 
      "1"
    ], 
    "TAB_SCALE_9_GRID": [
      "5", 
      "5", 
      "1", 
      "15"
    ], 
    "TEXT_INPUT_SCALE_9_GRID": [
      "2", 
      "2", 
      "1", 
      "1"
    ], 
    "TOOL_TIP_SCALE_9_GRID": [
      "5", 
      "5", 
      "1", 
      "1"
    ], 
    "VERTICAL_SCROLL_BAR_STEP_BUTTON_SCALE_9_GRID": [
      "2", 
      "2", 
      "11", 
      "10"
    ], 
    "VERTICAL_SCROLL_BAR_THUMB_SCALE_9_GRID": [
      "2", 
      "5", 
      "6", 
      "42"
    ], 
    "VERTICAL_SCROLL_BAR_TRACK_SCALE_9_GRID": [
      "2", 
      "1", 
      "11", 
      "2"
    ], 
    "VERTICAL_SLIDER_TRACK_SCALE_9_GRID": [
      "0", 
      "3", 
      "4", 
      "1"
    ], 
    "horizontal-scroll-bar-thumb": [
      "3", 
      "1", 
      "46", 
      "8"
    ], 
    "vertical-scroll-bar-thumb": [
      "4", 
      "6", 
      "8", 
      "45"
    ]
  }, 
  "hoverSkin": true, 
  "meta": {
    "image": "aeon_desktop.png", 
    "size": {
      "h": 512, 
      "w": 512
    }, 
    "version": "1.0"
  }, 
  "skins": {
    "button": {
      "down": {
        "scale9": "BUTTON_SCALE_9_GRID", 
        "texture": "button-down-skin0000", 
        "type": "texture"
      }, 
      "hover": {
        "scale9": "BUTTON_SCALE_9_GRID", 
        "texture": "button-hover-skin0000", 
        "type": "texture"
      }, 
      "minHeight": 30, 
      "minWidth": 100, 
      "up": {
        "scale9": "BUTTON_SCALE_9_GRID", 
        "texture": "button-up-skin0000", 
        "type": "texture"
      }
    }, 
    "check": {
      "down": {
        "texture": "check-down-icon0000", 
        "type": "texture"
      }, 
      "hover": {
        "texture": "check-hover-icon0000", 
        "type": "texture"
      }, 
      "selected_down": {
        "texture": "check-selected-down-icon0000", 
        "type": "texture"
      }, 
      "selected_hover": {
        "texture": "check-selected-hover-icon0000", 
        "type": "texture"
      }, 
      "selected_up": {
        "texture": "check-selected-up-icon0000", 
        "type": "texture"
      }, 
      "up": {
        "texture": "check-up-icon0000", 
        "type": "texture"
      }
    }, 
    "picker_list": {
      "icon_down": {
        "texture": "picker-list-down-icon0000", 
        "type": "texture"
      }, 
      "icon_hover": {
        "texture": "picker-list-hover-icon0000", 
        "type": "texture"
      }, 
      "icon_up": {
        "texture": "picker-list-up-icon0000", 
        "type": "texture"
      }
    }, 
    "radio": {
      "down": {
        "texture": "radio-down-icon0000", 
        "type": "texture"
      }, 
      "hover": {
        "texture": "radio-hover-icon0000", 
        "type": "texture"
      }, 
      "selected_down": {
        "texture": "radio-selected-down-icon0000", 
        "type": "texture"
      }, 
      "selected_hover": {
        "texture": "radio-selected-hover-icon0000", 
        "type": "texture"
      }, 
      "selected_up": {
        "texture": "radio-selected-up-icon0000", 
        "type": "texture"
      }, 
      "up": {
        "texture": "radio-up-icon0000", 
        "type": "texture"
      }
    }, 
    "scroll_bar": {
      "horizontal_track": {
        "scale9": "HORIZONTAL_SLIDER_TRACK_SCALE_9_GRID", 
        "texture": "horizontal-slider-track-enabled-skin0000", 
        "type": "texture"
      }, 
      "vertical_track": {
        "scale9": "VERTICAL_SLIDER_TRACK_SCALE_9_GRID", 
        "texture": "vertical-slider-track-enabled-skin0000", 
        "type": "texture"
      }
    }, 
    "scroll_thumb": {
      "horizontal_down": {
        "middleWidth": 2, 
        "scale9": "horizontal-scroll-bar-thumb", 
        "texture": "horizontal-scroll-bar-thumb-down-skin0000", 
        "type": "texture"
      }, 
      "horizontal_hover": {
        "middleWidth": 2, 
        "scale9": "horizontal-scroll-bar-thumb", 
        "texture": "horizontal-scroll-bar-thumb-hover-skin0000", 
        "type": "texture"
      }, 
      "horizontal_up": {
        "middleWidth": 2, 
        "scale9": "horizontal-scroll-bar-thumb", 
        "texture": "horizontal-scroll-bar-thumb-up-skin0000", 
        "type": "texture"
      }, 
      "vertical_down": {
        "centerHeight": 2, 
        "scale9": "vertical-scroll-bar-thumb", 
        "texture": "vertical-scroll-bar-thumb-down-skin0000", 
        "type": "texture"
      }, 
      "vertical_hover": {
        "centerHeight": 2, 
        "scale9": "vertical-scroll-bar-thumb", 
        "texture": "vertical-scroll-bar-thumb-hover-skin0000", 
        "type": "texture"
      }, 
      "vertical_up": {
        "centerHeight": 2, 
        "scale9": "vertical-scroll-bar-thumb", 
        "texture": "vertical-scroll-bar-thumb-up-skin0000", 
        "type": "texture"
      }
    }, 
    "text_input": {
      "disabled": {
        "scale9": "TEXT_INPUT_SCALE_9_GRID", 
        "texture": "text-input-background-disabled-skin0000", 
        "type": "texture"
      }, 
      "down": {
        "scale9": "TEXT_INPUT_SCALE_9_GRID", 
        "texture": "text-input-background-enabled-skin0000", 
        "type": "texture"
      }, 
      "error": {
        "scale9": "TEXT_INPUT_SCALE_9_GRID", 
        "texture": "text-input-background-error-skin0000", 
        "type": "texture"
      }, 
      "hover": {
        "scale9": "TEXT_INPUT_SCALE_9_GRID", 
        "texture": "text-input-background-enabled-skin0000", 
        "type": "texture"
      }, 
      "up": {
        "scale9": "TEXT_INPUT_SCALE_9_GRID", 
        "texture": "text-input-background-enabled-skin0000", 
        "type": "texture"
      }
    }, 
    "toggle_button": {
      "down": {
        "scale9": "BUTTON_SCALE_9_GRID", 
        "texture": "button-down-skin0000", 
        "type": "texture"
      }, 
      "hover": {
        "scale9": "BUTTON_SCALE_9_GRID", 
        "texture": "button-hover-skin0000", 
        "type": "texture"
      }, 
      "selected_down": {
        "scale9": "BUTTON_SCALE_9_GRID", 
        "texture": "toggle-button-selected-down-skin0000", 
        "type": "texture"
      }, 
      "selected_hover": {
        "scale9": "BUTTON_SCALE_9_GRID", 
        "texture": "toggle-button-selected-hover-skin0000", 
        "type": "texture"
      }, 
      "selected_up": {
        "scale9": "BUTTON_SCALE_9_GRID", 
        "texture": "toggle-button-selected-up-skin0000", 
        "type": "texture"
      }, 
      "up": {
        "scale9": "BUTTON_SCALE_9_GRID", 
        "texture": "button-up-skin0000", 
        "type": "texture"
      }
    }
  }, 
  "textStyle": {
    "fill": "#000", 
    "fontFamily": "Droid Sans"
  }, 
  "themeScale": 2.0, 
  "thumbSkin": true
}